municipio;candidate_municipio;logradouro;candidate_logradouro;numero;candidate_numero;complemento;candidate_complemento;bairro;candidate_bairro;cep;candidate_cep;setor;candidate_setor;voto;match_score;match_total_igual;_elasticsearch_hit_score;match_phase_name;id_web_scraping;candidate_id_table;sim_municipio;sim_logradouro;sim_numero;sim_complemento;sim_bairro;sim_cep
53108;53108;Q QUADRA 5 COMERCIO LOCAL;EDF QUADRA 5 COMERCIO LOCAL 3;3;3;SLJ A;LOJA 2 TERREO;SOBRADINHO;SOBRADINHO;73031510;73031510;530010805100012;530010805100013;1;0,944636;0,571428571;60,140305;non_exact_match;180374ee06;eee4632fc8ea32202f0ae057da48e0939b5a68b30c03f6c9a56ee72962ece517;1;0,901418;1;0,619231;1;1
53108;53108;Q 5 COMERCIO LOCAL;EDF QUADRA 5 COMERCIO LOCAL 3;3;3;LOJA 1;LOJA 2 TERREO;SOBRADINHO;SOBRADINHO;73031510;73031510;530010805210095;530010805100013;1;0,910375;0,571428571;64,65189;non_exact_match;72d3bdceed;eee4632fc8ea32202f0ae057da48e0939b5a68b30c03f6c9a56ee72962ece517;1;0,725415;1;0,84359;1;1
53108;53108;RUA DAS FIGUEIRAS;EDF RUA FIGUEIRAS;7;7;SALA 1107 E 1108;APARTAMENTO 306 E 307;NORTE AGUAS CLARAS;AGUAS CLARAS;71906750;71906750;530010805360131;530010805360131;1;0,90809;0,571428571;62,95711;non_exact_match;2709d01f3b;a090e6917a9f301dd17c473c3646124498a4495d4ab856ba36c0c28045feb648;1;0,854902;1;0,543651;0,75;1
53108;53108;QN 19 CONJ 01;EDF QN 19 CONJUNTO 1;27;27;LOJA;LOJA REVITAFISIO;RIACHO FUNDO 2;RIACHO FUNDO 2;71881721;71881721;530010805170001;530010805410088;1;0,904182;0,571428571;62,081028;non_exact_match;7cc4abcc9d;0808ff7f62d10b899b69c3f04ba8818cdf3dc095687cde3786390eefa85d07bf;1;0,702137;1;0,85;1;1
53108;53108;R DAS FIGUEIRAS;EDF RUA FIGUEIRAS;7;7;LOJA 29;TERREO LOJA 4;NORTE AGUAS CLARAS;AGUAS CLARAS;71906750;71906750;530010805360005;530010805360131;1;0,894623;0,428571429;54,643147;non_exact_match;caa0d03fd;6bdf763785c8142f78a76fc0bf079b3ca27151c04dffb3926f2c9fe6300e2d09;1;0,823716;1;0,479853;0,75;1
53108;53108;QNP 13 CONJUNTO X;EDF QNP 13 CONJUNTO 10;17;17;LOJA 1;CASA 17A;CEILANDIA;CEILANDIA;72241323;72241323;530010805150276;530010805150276;1;0,894019;0,714285714;45,23246;non_exact_match;26e8a4a6df;17ac0b05b1afd60a960ca2693c2ca28ba7756459541bc3699cc5eeb6d983254a;1;0,722816;1;0,625;1;1
53108;53108;CLN 207 BLOCO A;EDF CLN 207 BLOCO A;54;54;LOJA 54 56 60;TERREO;ASA NORTE;ASA NORTE;70852510;70852510;530010805060092;530010805060094;1;0,893686;0,571428571;69,581985;non_exact_match;26b54a91d1;9554820bd5ce098909294cd6cb5794f413dcec272a708db2443d6ef7dc9dcf32;1;0,774269;1;0,41453;1;1
53108;53108;R DAS FIGUEIRAS;EDF RUA FIGUEIRAS;7;7;SALA 506;APARTAMENTO 206;NORTE AGUAS CLARAS;AGUAS CLARAS;71906750;71906750;530010805420027;530010805360131;1;0,893284;0,428571429;55,827377;non_exact_match;e818644db;9aa5abe1a1b4023fc571a35733edf0319d976ce924f67a6781f22914c2492c70;1;0,823716;1;0,461111;0,75;1
53108;53108;R DAS FIGUEIRAS LOTE;EDF RUA FIGUEIRAS;7;7;LOJA 61 VISTA S;TERREO LOJA 4;AGUAS CLARAS;AGUAS CLARAS;71906750;71906750;530010805360131;530010805360131;1;0,887515;0,714285714;54,643147;non_exact_match;ce19d83e0a;6bdf763785c8142f78a76fc0bf079b3ca27151c04dffb3926f2c9fe6300e2d09;1;0,745938;1;0,441453;1;1
53108;53108;Q 05 COMERCIO LOCAL CL;EDF QUADRA 5 COMERCIO LOCAL 3;3;3;SOBRELOJA PARTE 1;LOJA 2 TERREO;SOBRADINHO;SOBRADINHO;73031510;73031510;530010805100013;530010805100013;1;0,886171;0,714285714;48,911396;non_exact_match;3bec58a0b5;eee4632fc8ea32202f0ae057da48e0939b5a68b30c03f6c9a56ee72962ece517;1;0,681708;1;0,679556;1;1
53108;53108;COND ALTO DA BOA VISTA QUADRA 103 LOTE 18 LOJA;EDF CONDOMINIO ALTO BOA VISTA QUADRA 100;1;1;COMERCIO LOCAL;DEPOSITO 1;SOBRADINHO;SOBRADINHO;73130900;73130900;530010805100387;530010805100389;1;0,881155;0,571428571;72,46973;non_exact_match;7c373b9a0d;fdd96b40b6f5ff1f7a8f7c43bf7d4b84a5782d4b9161839d98cdac81f22f0442;1;0,695949;1;0,552381;1;1
53108;53108;DAS FIGUEIRAS LOTE;EDF RUA FIGUEIRAS;7;7;SALA 1209;APARTAMENTO 209;NORTE AGUAS CLARAS;AGUAS CLARAS;71906750;71906750;530010805360264;530010805360131;1;0,876901;0,428571429;57,19494;non_exact_match;e5610719c6;ff924999d3c4a6396739b06b6d4675a4088a246795b3c4f3df56bc857852a798;1;0,724245;1;0,62963;0,75;1
53108;53108;DAS FIGUEIRAS;EDF RUA FIGUEIRAS;7;7;SALA 609;APARTAMENTO 309;NORTE AGUAS CLARAS;AGUAS CLARAS;71906750;71906750;530010805420027;530010805360131;1;0,876568;0,428571429;56,966022;non_exact_match;66245132c0;39d78742bbc5d7f53e0111318fbfbbc59d6628cb827580dffd1a52c9bb560d18;1;0,765209;1;0,461111;0,75;1
53108;53108;QUADRA QR 217 LOTE;EDF QUADRA RESIDENCIAL 217 CONJUNTO A;1;1;CONJUNTO A SLJ;LOJA 14;SANTA MARIA;SANTA MARIA;72547501;72547501;530010805170001;530010805250085;1;0,87085;0,571428571;40,163296;non_exact_match;75a99c459;bc7d2c5ab0b664d11c5df0ff1d04824c2c169f1299f7c2b4e98e51065f3fe89c;1;0,664046;1;0,535714;1;1
53108;53108;COND PORTO RICO LOTE;EDF SH RIBEIRAO CONDOMINIO PORTO RICO ETAPA 3 QUADRA 1A;1;1;QUADRAD ETAPA 1 LJ 1;CASA 1;SANTA MARIA;SANTA MARIA;72504003;72504003;530010805170001;530010805250123;1;0,860804;0,571428571;61,005226;non_exact_match;280c30cf31;aa543817f9223067d505adffe250341952fdf9c8aef674039b5a6ac904046048;1;0,607257;1;0,622222;1;1
53108;53108;RUA DAS FIGUEIRAS LOTE;EDF RUA FIGUEIRAS;7;7;LOJA 71;TERREO LOJA 4;NORTE AGUAS CLARAS;AGUAS CLARAS;71906750;71906750;530010805360005;530010805360131;1;0,859038;0,428571429;63,231777;non_exact_match;212021151;6bdf763785c8142f78a76fc0bf079b3ca27151c04dffb3926f2c9fe6300e2d09;1;0,699168;1;0,479853;0,75;1
53108;53108;QUADRA QI 25 SALA ED REAL MIX;EDF QI 25 BLOCO A COMERCIO LOCAL;1;1;BLOCO A;LOJA;GUARA II;GUARA 2;71060250;71060250;530010805160071;530010805160071;1;0,858857;0,571428571;41,49516;non_exact_match;5a134607e8;bb5b817e3566716d4467ac02aca7a7315b29043760e289edb121f815e9daa48e;1;0,626834;1;0,595238;0,921429;1
53108;53108;RUA DAS FIGUEIRAS LOTE;EDF RUA FIGUEIRAS;7;7;LOJA 66 A 69;TERREO LOJA 4;NORTE AGUAS CLARAS;AGUAS CLARAS;71906750;71906750;530010805360023;530010805360131;1;0,857882;0,428571429;63,231777;non_exact_match;784961b242;6bdf763785c8142f78a76fc0bf079b3ca27151c04dffb3926f2c9fe6300e2d09;1;0,699168;1;0,463675;0,75;1
53108;53108;Q SHCSW QM SW5 LT6;EDF QMSW 5 LOTE 6;5;5;BOULEVARD ANTAR;BLOCO 4 APARTAMENTO 150;SETOR SUDOESTE;SUDOESTE;70680524;70680524;530010805170001;530010805350100;1;0,855102;0,428571429;21,217823;non_exact_match;a66590116e;3a3d7f05f6022a2599cb8ae3a8657d2cdfbd23c44d113e9d0832dc30bd4f6bb8;1;0,651961;1;0,56715;0,796429;1
53108;53108;ESTRADA PARQUE CONTORNO KM 03 DF 001;ESTRADA ACESSO A DF 001;1;1;GRANJA OLIVEIRAS;;RECANTO EMAS;LAGO NORTE;70297400;70297400;530010805200184;530010805210067;0;0,854928;0,428571429;54,716034;non_exact_match;3bbe44f4c3;dc3a1fae76988b3dc81f64192472e77cd1cd04d69b96a6f3f3b4e75669f3792f;1;0,845024;1;0;0,588889;1
53108;53108;QI 25 CL BL A LOJA;EDF QI 25 BLOCO A COMERCIO LOCAL;12;12;REAL MIX;LOJA;GUARA II;GUARA 2;71060250;71060250;530010805170001;530010805160071;1;0,852853;0,428571429;49,472794;non_exact_match;5160794a0e;de5b2766ef3215d2a4b3cc8de3f099aaca5d777931765c03cdbe7404be56613e;1;0,650463;1;0,416667;0,921429;1
53108;53108;QUADRA 203 CONJUNTO 14;EDF QUADRA 203 CONJUNTO 14;;;LOTE 17 LJ 1 SL;LOTE 17;RECANTO EMAS;RECANTO EMAS;72610314;72610314;530010805200112;530010805200112;1;0,684439;0,571428571;65,13016;non_exact_match;7705c67a6f;1a66d26730cdd6baf4d94f2e7f7d0d45ec2eaa54c1845e18f493c24895ece24b;1;0,797203;0;0,893333;1;1
53108;53108;Q CRNW 510 BLOCO A LOTE;EDF CRNW 510 BLOCO A LOTES 2 E 3;2;;LOJA 5;ENTRADA A APARTAMENTO 314;NOROESTE;NOROESTE;70688120;70688120;530010805060466;530010805060466;1;0,67832;0,571428571;62,65873;non_exact_match;31e3ddc143;d0ddfb0431e3d222dd15b89af38095768276d39212591061be9fb870c7f1cb2e;1;0,881341;0;0,471111;1;1
53108;53108;QNA;EDF QNA 30;30;;LOTE 10 SALA 103;LOTE 10 ANDAR 1 SALA 103;TAGUATINGA NORTE;TAGUATINGA;72110300;72110300;530010805080662;530010805080277;1;0,671429;0,285714286;49,957706;non_exact_match;8dbc9b3d4c;4a12d4c6006d034e7cc239ea7028c0fdcb5d261be3fae12cdd9998434c710201;1;0,766667;0;0,908333;0,925;1
53108;53108;QNM 1 CONJUNTO H LOTE;EDF QNM 1 CONJUNTO H;14;34;ANDAR 1;LOTE 34 FUNDOS 1;CEILANDIA SUL CEILA;CEILANDIA;72215018;72215018;530010805150161;530010805150161;1;0,658222;0,428571429;51,54435;non_exact_match;90543be401;f0e5ca8a01509cc66b3dae45559c216af4fa4e6537ec3b178622571f7e3d827b;1;0,729645;0;0,401786;0,894737;1
53108;53108;SGAS 610 CONJUNTO F;EDF SGAS 910 CONJUNTO B BLOCO F;35;;BLOCO 2 SALA;BLOCO;ASA SUL;ASA SUL;70390100;70390100;530010805060229;530010805060479;0;0,654388;0,428571429;57,882904;non_exact_match;9e7e5a37fa;855aff7a44b3ee8b846e127a6cbc2ae0263c8b1a57382cfa5472a8585c94cecd;1;0,694523;0;0,883333;1;1
53108;53108;6 COMERCIO LOCAL;EDF QUADRA 6 COMERCIO LOCAL 14;14;;SALA 101 103 108 A;SALA 101;SOBRADINHO;SOBRAD1NHO 1;73026635;73026635;530010805100025;530010805100025;1;0,650952;0,428571429;86,759735;non_exact_match;a8f28c073;c2c056411813092cba3d7e2c624d9ca40b8a93867b6c15b8571d8dec0532f96c;1;0,698611;0;0,888889;0,93;1
53108;53108;Q SHCES QUADRA 809 BLOCO B;EDF SHCES QUADRA 809 BLOCO B;;;;ENTRADA 1 APARTAMENTO 103;CRUZEIRO NOVO;CRUZEIRO NOVO;70655892;70655892;530010805170034;530010805170014;1;0,649466;0,428571429;78,83114;non_exact_match;1833f1a173;e109e13f1082d359b7df218371658fea67bc19d6299ab11ce4539c25ca5337b9;1;0,898132;0;0;1;1
53108;53108;Q SCLN 412 BLOCO D LOJAS 21 22 E;EDF CLN 412 BLOCO D;23;;NORTH UNIQUE;LOJA TODO PREDIO;ASA NORTE;ASA NORTE;70867540;70867540;530010805060323;530010805060323;1;0,647562;0,571428571;60,38067;non_exact_match;d5e4616924;7abdcf9edcb2c557bdcdb9dff3292e3a188eeaff8f7fdf383103c46424df2cb1;1;0,780702;0;0,443056;1;1
53108;53108;QSE 11 13 AREA ESPECIAL N;EDF QSE AREA ESPECIAL 19;2;2;;TERREO LOJA 1 FRENTE LOJA 2;TAGUATINGA SUL;TAGUATINGA SUL;71909000;72025357;530010805080023;530010805080493;0;0,646525;0,428571429;51,51643;non_exact_match;729eab4abb;5a0afcfdca7ff419b0b4d90ae81c1ae2c2f07337ce1df3bf17c26e10023843f1;1;0,762836;1;0;1;0
53108;53108;RODOVIA DF 150 KM 2 5 CONDOMINIO JARDIM EUROPA II;EDF CONDOMINIO JARDIM EUROPA 2 LE 1B;1;;CL 2 LOJA 1;LOTE 3 LOJA 2;GRANDE COLORADO;GRANDE COLORADO;73105904;73105904;530010805440046;530010805440091;1;0,643106;0,428571429;91,960266;non_exact_match;a4825de6e4;30bf77050b575420c5095b1204a687f013a440532e0b9d802d702e5e55e2ab56;1;0,691067;0;0,739219;1;1
53108;53108;RUA DAS CARNAUBAS QUADRA 301 LOTE;EDF RUA CARNAUBAS;4;;SALA 307;SALA 302;AGUAS CLARAS;AGUAS CLARAS;71904540;71904540;530010805060481;530010805360158;1;0,638832;0,428571429;78,78413;non_exact_match;3504ffb392;aac0cc0f1a85db8f89605b01f3c02e80b489f80075f2e87fd549a09df32c61d1;1;0,623411;0;0,95;1;1
53108;53108;SCS QUADRA 2 BLOCO C LOTE;EDF S CASA QUADRA 2 BLOCO C;22;;SALA 609 PARTE C 7;LOJA 74;ASA SUL;ASA SUL;70300902;70300902;530010805400025;530010805060481;1;0,635933;0,428571429;44,075317;non_exact_match;28da73edb4;198e400557c7a269f4d3fd74e758e6b7832a3f282391f5bdbcf1262d97f67e68;1;0,745608;0;0,420635;1;1
53108;53108;AV PAU BRASIL LOTE;EDF AVENIDA PAU BRASIL LOTE 04;6;;SALA 1505;BLOCO B APARTAMENTO 1505;AGUAS CLARAS;AGUAS CLARAS;71916500;71916500;530010805360069;530010805360073;1;0,630556;0,428571429;77,5328;non_exact_match;bd96914ca0;b238f966b33d789d2972038e2568bcecf6446082a15d188272be85a8ff7b7abd;1;0,718519;0;0,453704;1;1
53108;53108;Q QE 11 AREA ESPECIAL L;EDF QE 11 AREA ESPECIAL L;;;LOJA 27 29 30 E 32;;GUARA I;GUARA 1;71020721;71020721;530010805160019;530010805160019;1;0,628617;0,428571429;78,39759;non_exact_match;8ec96c57c4;eb432786cf81ec5f1a70264caad23c700ae8b59f41634770b5a866901036b679;1;0,839447;0;0;0,942857;1
53108;53108;RUA 4A CHACARA 01;EDF RUA 4A CHACARA 1;13;;LOJA 1;LOTE 15 LOJA 1;SETOR V;VICENTE PIRES;72006200;72006200;530010805060274;530010805370085;1;0,62682;0,285714286;54,234657;non_exact_match;9d03f7dda3;61f5e7befa83740eea9d885ca613031489858bfe1884e17884931c097669645e;1;0,767892;0;0,650794;0,553114;1
53108;53108;COPAIBA LOTE;EDF RUA COPAIBA LOTE 1;1;;TORRE A SL 301 A 304;BLOCO E APARTAMENTO 304;NORTE AGUAS CLARAS;AGUAS CLARAS;71919540;71919540;530010805060355;530010805360241;1;0,626275;0,285714286;62,56184;non_exact_match;43331cca51;42fe78528802c3ad83ace646bb1984aab5b84d1385ee1a44a5cdfe748c3ca187;1;0,737374;0;0,568357;0,75;1
53108;53108;RUA 5 NORTE LOTE;EDF RUA 5 NORTE LOTE 1;3;;SALA 308;APARTAMENTO 308;NORTE AGUAS CLARAS;AGUAS CLARAS;71907720;71907720;530010805170001;530010805360019;1;0,62601;0,285714286;62,867027;non_exact_match;60f28ab61f;305f9e13bd5a63054aa3f3837886afa76a9dbd45c09a51c7291b2ac0c89e97c0;1;0,763258;0;0,461111;0,75;1
53108;53108;SCN QUADRA 1 BLOCO F;EDF SCN QUADRA 1 BLOCO F;79;;SALA 212 213 214;EDIFICIO;ASA NORTE;ASA NORTE;70711060;70711060;530010805060005;530010805060005;1;0,619841;0,571428571;58,957222;non_exact_match;bac7eb8f46;4e6b9ea92d803ef6dfcd2317a60a8c3c27c1843499c767df441fc957eb9270f6;1;0,794444;0;0;1;1
53108;53108;R RUA DAS PAINEIRAS LOTE 03 RUA 30 NORTE LT 04;EDF RUA 30 NORTE;;;BLOCO A SALA 806;BLOCO A SALA 806;NORTE AGUAS CLARAS;AGUAS CLARAS;71918180;71918180;530010805360169;530010805360203;1;0,617564;0,428571429;92,18762;non_exact_match;a9fcc73485;7240f451f30efca11fec393f523ec3bbc73a0770671f913332eeec3291dbf3f0;1;0,598973;0;1;0,75;1
53108;53108;ESPECIAL SETOR C NORTE;EDF SETOR C NORTE QNC;;;8 9 10 LOJA 9;EDIFICIO ANDAR 9;TAGUATINGA NORTE TA;TAGUATINGA;72115700;72115700;530010805080410;530010805080268;1;0,617134;0,285714286;58,068436;non_exact_match;4ad2e52ff2;b9b26a2750c7f1d923807d2b2e8b7175f3ef7d0a2fca221a9bbb6b0bf518366c;1;0,683892;0;0,499038;0,905263;1
53108;53108;QUADRA 302 CONJUNTO 5 N;EDF QUADRA 302 CONJUNTO 5;1;;;LOTE 1;SAMAMBAIA SUL;SAMAMBAIA SUL;72300639;72300639;530010805180383;530010805180341;1;0,615383;0,428571429;52,780434;non_exact_match;62dd5af6cd;c3035ce42fe65156ea5fe3449e470d9a8134e18d81d1f25d024a36dd35a91769;1;0,778841;0;0;1;1
53108;53108;SHLN BLOCO L;EDF SHLN BLOCO L;43;;SALA 203;;ASA NORTE;ASA NORTE;70770905;70770905;530010805060496;530010805060060;1;0,615079;0,428571429;56,181786;non_exact_match;95df811025;b04332fab783a4ba40170677ff981ff21c2532f10708ff5312c3f42448ce24bc;1;0,777778;0;0;1;1
53108;53108;SMHN QUADRA 02 BLOCO A;EDF SMHN QUADRA 2 BLOCO A;10;;SALA 602 PARTE;EDIFICIO;ASA NORTE;ASA NORTE;70710143;70710143;530010805170001;530010805060005;1;0,613653;0,428571429;56,9056;non_exact_match;8bb9543381;86fb201b6e4848a7cf84f105d56689045e4d73aa5a9b6891688c9efe9791c85a;1;0,772785;0;0;1;1
53108;53108;Q SMHN QUADRA 2 BLOCO B SN CONSULTORIO 902;EDF SMHN QUADRA 2 BLOCO B;99;;CLEO OCTAVIO;;ASA NORTE;ASA NORTE;70710146;70710146;530010805060481;530010805060005;1;0,613133;0,428571429;64,75337;non_exact_match;78793ef27f;e67c50fecee878c6bf9292d4e55edaaab36e4f87a57c9915609e327a814f5d42;1;0,770967;0;0;1;1
53108;53108;SETOR SAUS QD 03 BLOCO C SN;EDF SAUS QUADRA 3;;;LOJA 36;BLOCO C LOTE 02;ASA SUL;ASA SUL;70070934;70070934;530010805060481;530010805060398;1;0,60468;0,428571429;57,471973;non_exact_match;aafcbd6c2;325147915e7e907776ce2a80a6c2b295acd93d488605f8d0cef6e75a6fd95ea6;1;0,605664;0;0,542857;1;1
53108;53108;QUADRA SEPN 513;EDF SEPN 513 BLOCO D;38;;BLOCO D SALA 313;PREDIO;ASA NORTE;ASA NORTE;70760524;70760524;530010805170001;530010805060309;1;0,602976;0,428571429;57,358246;non_exact_match;9f7b146cb4;ff73420a2ff91e7db07a1f90f35f190cbd4852091bc4890c473351ef3a268281;1;0,655556;0;0,319444;1;1
53108;53108;QUADRA SEPN 516 CONUNTO E LOJA;EDF SEPN 516 BLOCO E;139;;;EDIFICIO;ASA NORTE;ASA NORTE;70770525;70770525;530010805060333;530010805060387;1;0,600607;0,428571429;67,308266;non_exact_match;cd566bf7c2;46671613e5b42bd7cd01dbdce2171e9a9cda6c15cf6466f3f7b25f2673f204f7;1;0,727124;0;0;1;1
53108;53108;STN CONJUNTO M ENTRADA B CONSULTORIO;EDF SETOR TERMINAL NORTE LOTE M;226;;CENTRO C VITAL B;LOJA;ASA NORTE;ASA NORTE;70770909;70770909;530010805060262;530010805060262;1;0,598601;0,571428571;36,10951;non_exact_match;8f0f43ff8f;f3d1c4507e116284581c868111de96e0628cfc9f52926a74b15225536fbd8e42;1;0,610727;0;0,4375;1;1
53108;53108;SGAS 910 CONJ B BLOCO D SALA N;EDF SGAS 910 CONJUNTO B BLOCO D;37;;MIX PARQUE;BLOCO;ASA SUL;ASA SUL;70390100;70390100;530010805060479;530010805060479;1;0,598551;0,571428571;64,52943;non_exact_match;2907b212e5;91850d658cec68c189b7f3d603550b9d3cc2abdb1bc1a3b2f4a4646dd172c7f7;1;0,719928;0;0;1;1
53108;53108;SHCSW CHSW BLOCO 3 4 5;EDF SH CASA W CHSW BLOCOS 3 4 5;;;SALA 254;;SETOR SUDOESTE;SUDOESTE;70673416;70673416;530010805350088;530010805350088;1;0,593091;0,428571429;63,65496;non_exact_match;5c2334502b;0d65e30a47b779a5ff384f213db52d41f0ddeaf881b86fc30422882224b4f278;1;0,751711;0;0;0,796429;1
53108;53108;QNN 28 MODULO C AREA ESPECIAL SALA 101 103;EDF QNN 28 AREA ESPECIAL A;;;;BANCA 1;CEILANDIA;CEILANDIA;72220280;72220280;530010805150234;530010805150153;1;0,590747;0,428571429;67,08849;non_exact_match;7dc58b372c;5684e577f4538dbc134786da86f859cf0574a2b5eaba3da0112949c8413c1810;1;0,692613;0;0;1;1
53108;53108;QNC NORTE AE 8 9 E 10;EDF SETOR C NORTE QNC;;;SALAS 702 E 703;EDIFICIO ANDAR 7 SALA 707 E 708;TAGUATINGA NORTE;TAGUATINGA;72115700;72115700;530010805080268;530010805080268;1;0,589738;0,428571429;63,14386;non_exact_match;83c17a4b1d;a4e62fe99516b85afc3d91294acbbd06bfaf7eec46c5614dc15911b41acd126f;1;0,575397;0;0,529749;0,925;1
53108;53108;QNN 28 LOTES H I J K GUARIROBA;EDF QNN 28;;;CEILANDIA SUL;BANCA;CEILANDIA;CEILANDIA;72220280;72220280;530010805150415;530010805150153;1;0,586294;0,428571429;48,91355;non_exact_match;3ccdf6fdc0;2228460af13a9fbe82357aaf1a51c3b1df134d57af37b0f17804e5f476370f2f;1;0,522222;0;0,619231;1;1
53108;53108;EQ 31 33 LOTE 05 CENTRO COMUNAL II SALA 110;EDF ENTREQUADRA 31 33 LOTE 5 EDIFICIO CONSEI;;;PARTE N10;;GUARA II;GUARA 2;71065901;71065901;530010805170001;530010805160095;1;0,583931;0,285714286;55,30291;non_exact_match;8957028a66;8d86493f567d15fd0eb77d6cd986ec9f92c98f3d387612e8081d426b3ce403d8;1;0,688403;0;0;0,921429;1
53108;53108;QUADRA 15 LOJA;EDF SLE QUADRA 15;20;;LESTE COMERCIAL;LOTE 17 FUNDOS;GAMA;GAMA;72450150;72450150;530010805070083;530010805070083;1;0,58214;0,571428571;33,991093;non_exact_match;b8d193b3e1;7d856600abce07d786953ade91e8ab8ef8e9128c6c9fbee210a2a68e684e6d3b;1;0,538282;0;0,496825;1;1
53108;53108;SGAS 614 CONJUNTO C;EDF SGAS QUADRA 614;;;SALA 31;LOTE 99;ASA SUL;ASA SUL;70200740;70200740;530010805170001;530010805060507;1;0,581901;0,428571429;55,56723;non_exact_match;2818743312;b01acd48ced54f07a33a836140f1af83ea26e092e63badca938f08bb93a8c882;1;0,530702;0;0,52381;1;1
53108;53108;QSC 18 LOTE;EDF SETOR C SUL QSC 18;27;;LOJA 3;LOTE 24 LOJA;TAGUATINGA SUL TAGU;TAGUATINGA;72016180;72016180;530010805080208;530010805080208;1;0,579272;0,428571429;46,11431;non_exact_match;1444b7a694;f010868c17a35e719d80a10e3498c14349e3f9157420e8739e8998409396e331;1;0,530303;0;0,583333;0,905263;1
53108;53108;ESPECIAL SETOR C LOTES 19 20 1SS EDIF PRIME;EDF AREA ESPECIAL SETOR C NORTE;;;;LOTE 18;TAGUATINGA NORTE;TAGUATINGA;72115700;72115700;530010805170001;530010805080258;1;0,576819;0,285714286;44,88128;non_exact_match;6f7a86042a;bbedfdb862edb922150aa56f17f0521982260cd01e2d8c902395985b65940c92;1;0,662616;0;0;0,925;1
53108;53108;SGAS 616 CONJ A BLOCO B LOJA;EDF SGAS 616 BANCA;3;;;;ASA SUL;ASA SUL;70200760;70200760;530010805060528;530010805060507;1;0,574036;0,428571429;56,351784;non_exact_match;69ea9cb96b;b9125aed97e91d4f25f6fe6962b6f66ed5489c0949ce05fbc34b6887736869e5;1;0,634127;0;0;1;1
53108;53108;Q CL SHIS QI 11 BLOCO S;EDF SHIS QI 11 BLOCO S;;;SALA 210;TERREO;SETOR HABITACOESI;LAGO SUL;71625680;71625680;530010805170001;530010805230016;1;0,572857;0,285714286;72,17177;non_exact_match;4a07e61836;45cb26c4710608393b3db88dd9cc038d6ab7ab890a546c03b2c9352997434b40;1;0,756224;0;0;0,495098;1
53108;53108;EQNP 16 20 AREA ESPECIAL E F;EDF EQNP 16 20 COMERCIO;;;;LOJA 5 LUCIANAD;CEILANDIA SUL;CEILANDIA;72231560;72231560;530010805150030;530010805150030;1;0,5727;0,428571429;55,795876;non_exact_match;38f0256f12;f30c127da4c7c6a87c2982866c3d14d383d730337864e38d307b53b9cafdb778;1;0,644836;0;0;0,938462;1
53108;53108;QD 08 BLOCO 22 LOTE 04 SALAS 01 E;EDF QUADRA 8 LOTE ESPECIAL 01;2;;;LOJA 1;SOBRADINHO;SOBRADINHO;73005080;73005080;530010805400108;530010805100024;1;0,56864;0,428571429;43,793884;non_exact_match;474286572;fc825a2808a6788a78fc8fb206c1ad727b8bc1f7cfc9aa3b3a26f42a76982010;1;0,615239;0;0;1;1
53108;53108;SHIS QI 23 BLOCO A SALA;EDF SHIS QI 23 BLOCO A;208;;;BLOCO A;SETOR HABITACOES;LAGO SUL;71660800;71660800;530010805170001;530010805230035;1;0,568194;0,285714286;65,8443;non_exact_match;f34937452c;40f726faff4c1807866ffe618f6281dd024fc5dced96326b92c954e7218b727c;1;0,73868;0;0;0,5;1
53108;53108;QUADRA SGAS QUADRA 616 CONJUNTO A;EDF SGAS 616 BANCA;;;BLOCO B SALA 136;;ASA SUL;ASA SUL;70200760;70200760;530010805060528;530010805060507;1;0,566306;0,428571429;56,351784;non_exact_match;849f94985c;b9125aed97e91d4f25f6fe6962b6f66ed5489c0949ce05fbc34b6887736869e5;1;0,607071;0;0;1;1
53108;53108;RUA COPAIBA LT 1 BLOCO A ANDAR 15 SALA;EDF RUA COPAIBA LOTE 10;1511;;;APARTAMENTO 507;AGUAS CLARAS;AGUAS CLARAS;71931720;71931720;530010805360207;530010805360189;1;0,565414;0,428571429;47,077156;non_exact_match;9d35d9bdf0;8cf94cac713f54868f786bf4173c653560b31025929ee38ae8f807a1c418f9d9;1;0,603949;0;0;1;1
53108;53108;SHLS QD 716 CONJ L BL 01 SALA;EDF SHLS;203;;CENTRO CLINICO SUL;PREDIO;ASA SUL;ASA SUL;70390700;70390700;530010805060237;530010805060237;1;0,564678;0,571428571;42,32416;non_exact_match;ece7e127e7;d776f05ac4d415fcfe9246a555881b89aff090ef34d0d40cd5c5dce179583428;1;0,485632;0;0,462963;1;1
53108;53108;SCN QUADRA 5 BLOCO A SALA 1420;EDF SCN QUADRA 5;;;;;ASA NORTE;ASA NORTE;70715900;70715900;530010805110195;530010805060416;1;0,56279;0,428571429;47,561676;non_exact_match;6ec6fcf285;8aa9358426e112818d56dcf8abb19e6cd3c0eeff145cf22d7fb0d0b09a9b5061;1;0,594765;0;0;1;1
53108;53108;SEPS 707 907 CONJUNTO E ENTRADA 10 SALAS 501 A;EDF SEPS 707 907;507;;;;ASA SUL;ASA SUL;70390078;70390078;530010805060230;530010805060230;1;0,559598;0,571428571;105,38451;non_exact_match;689c8803f9;e221cc67393f4bd37eacc39b4886550fd91ab9dffa7abd1c177345529682ec70;1;0,583592;0;0;1;1
53108;53108;STN CONJUNTO K SALA;EDF STN;7;;MONTREAL;CONJUNTO D BLOCO 2 B;ASA NORTE;ASA NORTE;70770100;70770100;530010805060355;530010805060355;1;0,555424;0,571428571;32,836506;non_exact_match;3ddb4c7014;0b05137ba91f7b3fc677af1e7b7f410d1e964d0b6354f206e0ab5b4b3274379b;1;0,427318;0;0,566667;1;1
53108;53108;CNB 11 LOTE 09 SALA;EDF CNB 11;204;;;LOTE 12 13 APARTAMENTO 405;TAGUATINGA;TAGUATINGA;72115115;72115115;530010805080276;530010805080275;1;0,549033;0,428571429;48,289955;non_exact_match;c7af5e4327;c73b5384dcee7b3174d8eaf6331e90a92de5fe4c4c7b32a1ef9a975cf3989d73;1;0,546617;0;0;1;1
53108;53108;SGAN 607 CONJUNTO A BLOCO A SALA;EDF SGAN 607;316;;;MODULO G;ASA NORTE;ASA NORTE;70830300;70830300;530010805170001;530010805060421;1;0,543981;0,428571429;63,96726;non_exact_match;446f21e78c;deb82b2069dc6915411159846e6bf929a1320c9adbd9ce86e16d71e1c9df7932;1;0,528935;0;0;1;1
53108;53108;ST SMHN QUADRA 2;EDF SMHN QUADRA 3;;;BLOCO C SALA 401 E;BLOCO 2;ASA NORTE;ASA NORTE;70710100;70710200;530010805060005;530010805060005;1;0,476558;0,428571429;39,03675;non_exact_match;20df464fc7;adc5ce819ed0fc81e578c084803c8018ec2beec5008f1b71626cd46377d265bf;1;0,833428;0;0,838095;1;0
53108;53108;Q QI 31 BLOCO A;EDF QI 31 BLOCO A;114;;FLORIDA CENTER;ENTRADA A SOBRELOJA 229;GUARA II;GUARA 2;71065310;71065311;530010805160283;530010805160161;1;0,467978;0,142857143;48,638283;non_exact_match;cb3bb8c2fa;230e0deabddfc8239820cf254fb156a72012998b9c1748abfa7572dd48492fa1;1;0,895145;0;0,549689;0,921429;0
53108;53108;SCS QUADRA 7 BLOCO A;EDF S CASA QUADRA 7 BLOCO A;100;;SALA 1306 E 1308;SALA 813;ASA SUL;ASA SUL;70307000;70307902;530010805060481;530010805060481;1;0,463106;0,428571429;47,168514;non_exact_match;e4442b2fa4;a6ea5d15ddec649fcb57b9b98f296d9cbce8bc85f650dbeb868034afaccefa50;1;0,780247;0;0,8625;1;0
53108;53108;Q SHIS QI 5 BLOCO D;EDF SHIS QI 25 BLOCO D;;;BLOCO D LOJA 15;BLOCO D LOJA 64;SETOR HABITACOES;LAGO SUL;71615540;71660430;530010805230012;530010805230034;1;0,457989;0,142857143;59,431953;non_exact_match;3396a0e634;8ffd2e47b55ce449194adccb91bfbc0063f796122e5350cc1872f714272fe762;1;0,866295;0;0,946667;0,5;0
53108;53108;QNM 01 CONJUNTO G;EDF QNN 2 CONJUNTO G;;3;SLS 103 105 203 205;APARTAMENTO 103;CEILANDIA;CEILANDIA;72215010;72220027;530010805170001;530010805150157;0;0,413262;0,285714286;48,692974;non_exact_match;cb7884d645;2d3361585ca48f5c991081238751a1f013ddee6f06acbff6a0d5e42f9c000d13;1;0,698319;0;0,492398;1;0
53108;53108;SMNH QUADRA 02 BLOCO B;EDF SMHN QUADRA 2 BLOCO B;507;;CONSULTORIO;;ASA NORTE;ASA NORTE;70710140;70710146;530010805060333;530010805060005;1;0,399367;0,285714286;52,608772;non_exact_match;e303d75a52;e67c50fecee878c6bf9292d4e55edaaab36e4f87a57c9915609e327a814f5d42;1;0,772785;0;0;1;0
53108;53108;QNC AREA ESPECIAL 08 09 E;EDF QNC 1 AREA ESPECIAL 19;10;;D1;BLOCO C APARTAMENTO 04;TAGUATINGA NORTE TA;TAGUATINGA NORTE;72115700;72115511;530010805170001;530010805080658;0;0,396988;0,142857143;44,56787;non_exact_match;1d4779de9a;9e5dfdc2c3df5005f933c8efea7e50b74c9b9a46c28393e2c723241871c4792a;1;0,772354;0;0;0,968421;0
53108;53108;SETOR COMERCIAL NORTE QUADRA 02 BLOCO D ENTRADA B;EDF CLN 411 BLOCO D;;;SALA 1108 1110 1111;SALA 111;ASA NORTE;ASA NORTE;70712903;70866540;530010805060110;530010805060079;0;0,393537;0,285714286;58,241234;non_exact_match;79a7fea920;e0ba03c12a0b4e59538dbe8cf595190d764758ce97598e25c9bf39363a1108d5;1;0,531328;0;0,884211;1;0
53108;53108;COND MINI CHACARAS QMS 30 AREA ESPECIAL;EDF SHMS CONDOMINIO MINI CHACARAS QMS 30;1;;SOBRADINHO II;LOTE 15;SOBRADINHO II;SOBRADINHO 2;73081430;73081525;530010805440141;530010805440029;1;0,393352;0,142857143;52,77463;non_exact_match;df27010a3c;a573a24d8f28f45cbd428b2ccc7b6de88a33a28971637143e9796d5877945ef6;1;0,661944;0;0,406593;0,952564;0
53108;53108;SHLS QUADRA 716 CONJUNTO L BLOCO;EDF SHIGS 713 BLOCO B;1;;CONSULTORIO L 319;QUITINETE 319;ASA SUL;ASA SUL;70390907;70390135;530010805060237;530010805060375;0;0,388725;0,285714286;40,87185;non_exact_match;22f1efd557;2a86cb019f7d76b24ea5eaf00aa67b6f7ad405074eeabc928a7d70010e7cdbec;1;0,572123;0;0,653658;1;0
53108;53108;SHIS QI 15 BLOCO O TORRE II CONSULTORIO 118;EDF SHIS QI 11 BLOCO O;;;CENTRO MED BRASILIA;TERREO;LAGO SUL;LAGO SUL;70075900;71625640;530010805230019;530010805230016;1;0,384372;0,285714286;62,698044;non_exact_match;db34a50444;4f8fe0c9fca14469dfa3b31bae0740d9c1247541d5e0c15b4a43ac65dd29fd62;1;0,578929;0;0,565497;1;0
53108;53108;SRTVN QD 701CONJ C;EDF SRTVS BLOCO K;124;;SALA 205 ALA B;SALA 208;ASA NORTE;ASA SUL;70719030;70340908;530010805170001;530010805060510;0;0,383715;0,142857143;57,657837;non_exact_match;85a39937e8;df747f79b86b96dbb3ecc73222927a4355a04d83c697300dbf43dca69fa7c2cc;1;0,581264;0;0,875;0,671958;0
53108;53108;NUCLEO RURAL SANTOS DUMONT DF 130 KM 25;EDF NUCLEO RURAL SANTOS DUMONT;;121;;CASA LADO ESQUERD;PLANALTINA;PLANALTINA;73310000;73365429;530010805110358;530010805110358;1;0,379602;0,428571429;75,51625;non_exact_match;92cbf45666;47dca8058af670b42dea02c3fc4bd11e7c3b6ac79b6fa95bbe7f35ea5343b69f;1;0,703609;0;0;1;0
53108;53108;SRTVS 701 CONJ E BL 2 4 ENTR 70 SALA 306;EDF SRTVS 701;;;PALACIO RADIO II;BANCA;ASA SUL;ASA SUL;70340902;70340000;530010805170001;530010805060510;1;0,371919;0,285714286;61,926144;non_exact_match;47dd5a9628;6e39118c9c4c4c45b8d327cf0d4fa51aa7598cf7c3ed71c0bdfe3aeba58e1ec5;1;0,555536;0;0,484722;1;0
53108;53108;ST S C NORTE QUADRA 02 BLOCO D ENTRADA B;EDF SETOR C NORTE QNC;;;SALA 807 E 809;EDIFICIO ANDAR 8 SALA 806 E 807;ASA NORTE;TAGUATINGA;70712903;72115700;530010805060005;530010805080268;0;0,367374;0,142857143;57,056175;non_exact_match;4b7a3bd0b2;dc944fa8aef013c255de1c8712f2b78f7f85ea372f2e0af021a1982031c9ed66;1;0,635359;0;0,570319;0,531481;0
53108;53108;QSE AREA ESPECIAL 01 E 17 SALA 210 SEG ANDAR;EDF QSE AREA ESPECIAL 20;17;;HSM;LOTE 18 FRENTE;TAGUATINGA SUL;TAGUATINGA SUL;72025110;72025360;530010805170001;530010805080493;0;0,36544;0,285714286;54,06013;non_exact_match;a61ea167ec;43aa046395798310ef72402754d5bf93faf34000c3b787616061cd2ec3d71bb1;1;0,65404;0;0;1;0
53108;53108;GRANJA DO RIACHO FUNDO EPNB;CHACARA RIACHO FUNDO;4;;AESN;CASA 1;RIACHO FUNDO;KM27 BR 060;71825300;72428566;530010805410099;530010805070258;0;0,364951;0,142857143;49,68226;non_exact_match;23491d5839;6f08fd8f5ff6c59592a4635c77e96944c8d1d6e5ecb20708a5024a11fa28e4d6;1;0,651698;0;0,611111;0,391414;0
53108;53108;SETOR MEDICO HOSPITALAR NORTE QUADRA 02 BLOCO C;EDF SQN 216 BLOCO C;44;;SALAS 416 417;APARTAMENTO 416;ASA NORTE;ASA NORTE;70710100;70875030;530010805060005;530010805060067;0;0,362916;0,285714286;49,3432;non_exact_match;4e49e3419b;c56c6112e943bdaf8041f80c98d6457c98c2852acdafbb7e8001f0a145abd13f;1;0,490077;0;0,620513;1;0
53108;53108;C NORTE LOTE 01 A 12 TORRE B SALAS 601 A 606;EDF QUADRA 301 CONJUNTO 01 RUA A;;;PRIME EXCELENCIA M;LOTE 01 E 02;TAGUATINGA NORTE;AGUAS CLARAS;72115700;71901010;530010805080523;530010805360006;0;0,358266;0,142857143;45,72216;non_exact_match;36e23407b;335d85f7412e2ca4b35a8aac97d4670fe1c7314ee28b7124501134c00bf48b5a;1;0,592803;0;0,518519;0,625992;0
53108;53108;AV INDEPENDENCIA BLOCO J QUADRA;EDF SETOR TRADICIONAL AVENIDA INDEPENDENCIA QUADRA 121;2;;;LOTE 4 APARTAMENTO 303;SETOR COMERCIAL CENT;SETOR TRADICIONAL;73310000;73330005;530010805110161;530010805110225;0;0,353338;0,142857143;33,183838;non_exact_match;75a6a72624;11d0012df4f3eadab464ab3d95f9888b1f9a4beed0bcccee29829fd1ad00b6cc;1;0,652486;0;0;0,836787;0
53108;53108;SHLS QD 716 CONJUNTO B BLOCO 5 SALAS 504 506 E;EDF EQS 506 507;508;;CENTRO MEDICO BSB;BLOCO;ASA SUL;ASA SUL;70390904;70350580;530010805060237;530010805060207;0;0,352652;0,285714286;65,58633;non_exact_match;36cbe0b571;3bb5097c278c7a95c15cd9f7657259fd79229278d927cc6dcdbc7e4c6d313347;1;0,524477;0;0,339216;1;0
53108;53108;Q SHIS QI 9 11 BLOCO M LOJA;EDF SHIS QI 11 BLOCO M;30;;;EDIFICIO M;SETOR HABITACOES;LAGO SUL;71625135;71625620;530010805230016;530010805230016;1;0,352278;0,285714286;55,053574;non_exact_match;dc7da3bc81;e74335dce4359fd6bb0364438185d4bc7d28e50219c95b8e846113f8e5577497;1;0,732973;0;0;0,5;0
53108;53108;RUA 02 AREA ESPECIAL ENTRE LOTE 01 02;EDF QUADRA 3 AREA ESPECIAL 01 02;;;;LOTE 1;METROPOLITANA;SOBRAD1NHO 1;71730000;73031002;530010805140026;530010805100005;0;0,340886;0,142857143;67,399574;non_exact_match;1e1a39d7bf;ff16df09591274af39ccc7a3d7f673911eaed9a0f7f2eef0269a1f283883a0f2;1;0,723016;0;0;0,380342;0
53108;53108;SETOR HOTELEIRO NORTE QUADRA 02 BL H LOJAS 87 E 91;EDF SETOR HOTELEIRO 6 PROJECAO H;30;;;OUTROS H;ASA NORTE;TAGUATINGA;70702000;72011906;530010805060518;530010805080233;0;0,332793;0,142857143;44,642174;non_exact_match;fb74e245cb;7cbe8a37c0e289833e3d43123c5671128123351ea2195c23a30748b18039610a;1;0,656905;0;0;0,531481;0
53108;53108;QUADRA 10 LOTE 16 E 17 LOJA 01 E 02;EDF QUADRA 02 CONJUNTO 02 LOTE 01;;;;;SETOR OESTE GAMA;PARANOA PARQUE;72425132;71587240;530010805070044;530010805120133;0;0,332274;0,142857143;46,563065;non_exact_match;39fd27248;8e1cdab91e461a9c1d07f433cbe8031901fcc99f33a6cb4bd1c4030478ecfa74;1;0,66544;0;0;0,490079;0
53108;53108;AE 08 09 10 ST C NORTE TER D MOD 07D A 10 D;EDF CASA D AE;;;;;TAGUATINGA;TAGUATINGA;72115700;72020000;530010805080268;530010805080498;0;0,317349;0,285714286;62,021355;non_exact_match;df88a0ace1;e234f06c2ad81eec6219ff0fe85714e4650a187241f980267f73c28b4fe8d5e3;1;0,485722;0;0;1;0
53108;53108;QD 06 AR 04 SLS 401 402 403 406 412 413;EDF EQN 402 403;;;E 414;LOJA 2;CENTRO;ASA NORTE;73026664;70834400;530010805170001;530010805060334;0;0,300167;0,142857143;127,3156;non_exact_match;cbfe7dd7e6;6efb733373549076e0b81b92974cd7a07de4e2ece024d301535baf1375fc839a;1;0,550583;0;0;0,5;0
53108;53108;AE 8 9 10 ST C SLS 601 602 603 604 605 707 708;EDF SGAN 604 E 605;;;;BLOCO SUPRIMENTOS;TAGUATINGA;ASA NORTE;72115700;70840901;530010805080268;530010805060421;0;0,299412;0,142857143;121,75261;non_exact_match;d2d738954f;803c3af52bea2cebe65a89f8d8e5c8035feaf1f7cb4173b9562eeba2da86f9f5;1;0,540072;0;0;0,531481;0
;;;;;;;;;;;;;;;;;;;;;;;;;;
;;;;;;;;;;;;;;;;;;;;;;;;;;
;;;;;;;;;;;;;;;;;;;;;;;;;;
;;;;;;;;;;;;;;;;;;;;;;;;;;
;;;;;;;;;;;;;;;;;;;;;;;;;;
;;;;;;;;;;;;;;;;;;;;;;;;;;
;;;;;;;;;;;;;;;;;;;;;;;;;;
;;;;;;;;;;;;;;;;;;;;;;;;;;
;;;;;;;;;;;;;;;;;;;;;;;;;;
;;;;;;;;;;;;;;;;;;;;;;;;;;
;;;;;;;;;;;;;;;;;;;;;;;;;;
;;;;;;;;;;;;;;;;;;;;;;;;;;
;;;;;;;;;;;;;;;;;;;;;;;;;;
;;;;;;;;;;;;;;;;;;;;;;;;;;
;;;;;;;;;;;;;;;;;;;;;;;;;;
;;;;;;;;;;;;;;;;;;;;;;;;;;
;;;;;;;;;;;;;;;;;;;;;;;;;;
;;;;;;;;;;;;;;;;;;;;;;;;;;
;;;;;;;;;;;;;;;;;;;;;;;;;;
;;;;;;;;;;;;;;;;;;;;;;;;;;
;;;;;;;;;;;;;;;;;;;;;;;;;;
;;;;;;;;;;;;;;;;;;;;;;;;;;
;;;;;;;;;;;;;;;;;;;;;;;;;;
;;;;;;;;;;;;;;;;;;;;;;;;;;
;;;;;;;;;;;;;;;;;;;;;;;;;;
;;;;;;;;;;;;;;;;;;;;;;;;;;
;;;;;;;;;;;;;;;;;;;;;;;;;;
;;;;;;;;;;;;;;;;;;;;;;;;;;
;;;;;;;;;;;;;;;;;;;;;;;;;;
;;;;;;;;;;;;;;;;;;;;;;;;;;
;;;;;;;;;;;;;;;;;;;;;;;;;;
;;;;;;;;;;;;;;;;;;;;;;;;;;
;;;;;;;;;;;;;;;;;;;;;;;;;;
;;;;;;;;;;;;;;;;;;;;;;;;;;
;;;;;;;;;;;;;;;;;;;;;;;;;;
;;;;;;;;;;;;;;;;;;;;;;;;;;
;;;;;;;;;;;;;;;;;;;;;;;;;;
;;;;;;;;;;;;;;;;;;;;;;;;;;
;;;;;;;;;;;;;;;;;;;;;;;;;;
;;;;;;;;;;;;;;;;;;;;;;;;;;
;;;;;;;;;;;;;;;;;;;;;;;;;;
;;;;;;;;;;;;;;;;;;;;;;;;;;
;;;;;;;;;;;;;;;;;;;;;;;;;;
;;;;;;;;;;;;;;;;;;;;;;;;;;
;;;;;;;;;;;;;;;;;;;;;;;;;;
;;;;;;;;;;;;;;;;;;;;;;;;;;
;;;;;;;;;;;;;;;;;;;;;;;;;;
;;;;;;;;;;;;;;;;;;;;;;;;;;
;;;;;;;;;;;;;;;;;;;;;;;;;;
;;;;;;;;;;;;;;;;;;;;;;;;;;
;;;;;;;;;;;;;;;;;;;;;;;;;;
;;;;;;;;;;;;;;;;;;;;;;;;;;
;;;;;;;;;;;;;;;;;;;;;;;;;;
;;;;;;;;;;;;;;;;;;;;;;;;;;
;;;;;;;;;;;;;;;;;;;;;;;;;;
;;;;;;;;;;;;;;;;;;;;;;;;;;
;;;;;;;;;;;;;;;;;;;;;;;;;;
;;;;;;;;;;;;;;;;;;;;;;;;;;
;;;;;;;;;;;;;;;;;;;;;;;;;;
;;;;;;;;;;;;;;;;;;;;;;;;;;
;;;;;;;;;;;;;;;;;;;;;;;;;;
;;;;;;;;;;;;;;;;;;;;;;;;;;
;;;;;;;;;;;;;;;;;;;;;;;;;;
;;;;;;;;;;;;;;;;;;;;;;;;;;
;;;;;;;;;;;;;;;;;;;;;;;;;;
;;;;;;;;;;;;;;;;;;;;;;;;;;
;;;;;;;;;;;;;;;;;;;;;;;;;;
;;;;;;;;;;;;;;;;;;;;;;;;;;
;;;;;;;;;;;;;;;;;;;;;;;;;;
;;;;;;;;;;;;;;;;;;;;;;;;;;
;;;;;;;;;;;;;;;;;;;;;;;;;;
;;;;;;;;;;;;;;;;;;;;;;;;;;
;;;;;;;;;;;;;;;;;;;;;;;;;;
;;;;;;;;;;;;;;;;;;;;;;;;;;
;;;;;;;;;;;;;;;;;;;;;;;;;;
;;;;;;;;;;;;;;;;;;;;;;;;;;
;;;;;;;;;;;;;;;;;;;;;;;;;;
;;;;;;;;;;;;;;;;;;;;;;;;;;
;;;;;;;;;;;;;;;;;;;;;;;;;;
;;;;;;;;;;;;;;;;;;;;;;;;;;
;;;;;;;;;;;;;;;;;;;;;;;;;;
;;;;;;;;;;;;;;;;;;;;;;;;;;
;;;;;;;;;;;;;;;;;;;;;;;;;;
;;;;;;;;;;;;;;;;;;;;;;;;;;
;;;;;;;;;;;;;;;;;;;;;;;;;;
;;;;;;;;;;;;;;;;;;;;;;;;;;
;;;;;;;;;;;;;;;;;;;;;;;;;;
;;;;;;;;;;;;;;;;;;;;;;;;;;
;;;;;;;;;;;;;;;;;;;;;;;;;;
;;;;;;;;;;;;;;;;;;;;;;;;;;
;;;;;;;;;;;;;;;;;;;;;;;;;;
;;;;;;;;;;;;;;;;;;;;;;;;;;
;;;;;;;;;;;;;;;;;;;;;;;;;;
;;;;;;;;;;;;;;;;;;;;;;;;;;
;;;;;;;;;;;;;;;;;;;;;;;;;;
;;;;;;;;;;;;;;;;;;;;;;;;;;
;;;;;;;;;;;;;;;;;;;;;;;;;;
;;;;;;;;;;;;;;;;;;;;;;;;;;
;;;;;;;;;;;;;;;;;;;;;;;;;;
;;;;;;;;;;;;;;;;;;;;;;;;;;
;;;;;;;;;;;;;;;;;;;;;;;;;;
;;;;;;;;;;;;;;;;;;;;;;;;;;
;;;;;;;;;;;;;;;;;;;;;;;;;;
;;;;;;;;;;;;;;;;;;;;;;;;;;
;;;;;;;;;;;;;;;;;;;;;;;;;;
;;;;;;;;;;;;;;;;;;;;;;;;;;
;;;;;;;;;;;;;;;;;;;;;;;;;;
;;;;;;;;;;;;;;;;;;;;;;;;;;
;;;;;;;;;;;;;;;;;;;;;;;;;;
;;;;;;;;;;;;;;;;;;;;;;;;;;
;;;;;;;;;;;;;;;;;;;;;;;;;;
;;;;;;;;;;;;;;;;;;;;;;;;;;
;;;;;;;;;;;;;;;;;;;;;;;;;;
;;;;;;;;;;;;;;;;;;;;;;;;;;
;;;;;;;;;;;;;;;;;;;;;;;;;;
;;;;;;;;;;;;;;;;;;;;;;;;;;
;;;;;;;;;;;;;;;;;;;;;;;;;;
;;;;;;;;;;;;;;;;;;;;;;;;;;
;;;;;;;;;;;;;;;;;;;;;;;;;;
;;;;;;;;;;;;;;;;;;;;;;;;;;
;;;;;;;;;;;;;;;;;;;;;;;;;;
;;;;;;;;;;;;;;;;;;;;;;;;;;
;;;;;;;;;;;;;;;;;;;;;;;;;;
;;;;;;;;;;;;;;;;;;;;;;;;;;
;;;;;;;;;;;;;;;;;;;;;;;;;;
;;;;;;;;;;;;;;;;;;;;;;;;;;
;;;;;;;;;;;;;;;;;;;;;;;;;;
;;;;;;;;;;;;;;;;;;;;;;;;;;
;;;;;;;;;;;;;;;;;;;;;;;;;;
;;;;;;;;;;;;;;;;;;;;;;;;;;
;;;;;;;;;;;;;;;;;;;;;;;;;;
;;;;;;;;;;;;;;;;;;;;;;;;;;
;;;;;;;;;;;;;;;;;;;;;;;;;;
;;;;;;;;;;;;;;;;;;;;;;;;;;
;;;;;;;;;;;;;;;;;;;;;;;;;;
;;;;;;;;;;;;;;;;;;;;;;;;;;
;;;;;;;;;;;;;;;;;;;;;;;;;;
;;;;;;;;;;;;;;;;;;;;;;;;;;
;;;;;;;;;;;;;;;;;;;;;;;;;;
;;;;;;;;;;;;;;;;;;;;;;;;;;
;;;;;;;;;;;;;;;;;;;;;;;;;;
;;;;;;;;;;;;;;;;;;;;;;;;;;
;;;;;;;;;;;;;;;;;;;;;;;;;;
;;;;;;;;;;;;;;;;;;;;;;;;;;
;;;;;;;;;;;;;;;;;;;;;;;;;;
;;;;;;;;;;;;;;;;;;;;;;;;;;
;;;;;;;;;;;;;;;;;;;;;;;;;;
;;;;;;;;;;;;;;;;;;;;;;;;;;
;;;;;;;;;;;;;;;;;;;;;;;;;;
;;;;;;;;;;;;;;;;;;;;;;;;;;
;;;;;;;;;;;;;;;;;;;;;;;;;;
;;;;;;;;;;;;;;;;;;;;;;;;;;
;;;;;;;;;;;;;;;;;;;;;;;;;;
;;;;;;;;;;;;;;;;;;;;;;;;;;
;;;;;;;;;;;;;;;;;;;;;;;;;;
;;;;;;;;;;;;;;;;;;;;;;;;;;
;;;;;;;;;;;;;;;;;;;;;;;;;;
;;;;;;;;;;;;;;;;;;;;;;;;;;
;;;;;;;;;;;;;;;;;;;;;;;;;;
;;;;;;;;;;;;;;;;;;;;;;;;;;
;;;;;;;;;;;;;;;;;;;;;;;;;;
;;;;;;;;;;;;;;;;;;;;;;;;;;
;;;;;;;;;;;;;;;;;;;;;;;;;;
;;;;;;;;;;;;;;;;;;;;;;;;;;
;;;;;;;;;;;;;;;;;;;;;;;;;;
;;;;;;;;;;;;;;;;;;;;;;;;;;
;;;;;;;;;;;;;;;;;;;;;;;;;;
;;;;;;;;;;;;;;;;;;;;;;;;;;
;;;;;;;;;;;;;;;;;;;;;;;;;;
;;;;;;;;;;;;;;;;;;;;;;;;;;
;;;;;;;;;;;;;;;;;;;;;;;;;;
;;;;;;;;;;;;;;;;;;;;;;;;;;
;;;;;;;;;;;;;;;;;;;;;;;;;;
;;;;;;;;;;;;;;;;;;;;;;;;;;
;;;;;;;;;;;;;;;;;;;;;;;;;;
;;;;;;;;;;;;;;;;;;;;;;;;;;
;;;;;;;;;;;;;;;;;;;;;;;;;;
;;;;;;;;;;;;;;;;;;;;;;;;;;
;;;;;;;;;;;;;;;;;;;;;;;;;;
;;;;;;;;;;;;;;;;;;;;;;;;;;
;;;;;;;;;;;;;;;;;;;;;;;;;;
;;;;;;;;;;;;;;;;;;;;;;;;;;
;;;;;;;;;;;;;;;;;;;;;;;;;;
;;;;;;;;;;;;;;;;;;;;;;;;;;
;;;;;;;;;;;;;;;;;;;;;;;;;;
;;;;;;;;;;;;;;;;;;;;;;;;;;
;;;;;;;;;;;;;;;;;;;;;;;;;;
;;;;;;;;;;;;;;;;;;;;;;;;;;
;;;;;;;;;;;;;;;;;;;;;;;;;;
;;;;;;;;;;;;;;;;;;;;;;;;;;
;;;;;;;;;;;;;;;;;;;;;;;;;;
;;;;;;;;;;;;;;;;;;;;;;;;;;
;;;;;;;;;;;;;;;;;;;;;;;;;;
;;;;;;;;;;;;;;;;;;;;;;;;;;
;;;;;;;;;;;;;;;;;;;;;;;;;;
;;;;;;;;;;;;;;;;;;;;;;;;;;
;;;;;;;;;;;;;;;;;;;;;;;;;;
;;;;;;;;;;;;;;;;;;;;;;;;;;
;;;;;;;;;;;;;;;;;;;;;;;;;;
;;;;;;;;;;;;;;;;;;;;;;;;;;
;;;;;;;;;;;;;;;;;;;;;;;;;;
;;;;;;;;;;;;;;;;;;;;;;;;;;
;;;;;;;;;;;;;;;;;;;;;;;;;;
;;;;;;;;;;;;;;;;;;;;;;;;;;
;;;;;;;;;;;;;;;;;;;;;;;;;;
;;;;;;;;;;;;;;;;;;;;;;;;;;
;;;;;;;;;;;;;;;;;;;;;;;;;;
;;;;;;;;;;;;;;;;;;;;;;;;;;
;;;;;;;;;;;;;;;;;;;;;;;;;;
;;;;;;;;;;;;;;;;;;;;;;;;;;
;;;;;;;;;;;;;;;;;;;;;;;;;;
;;;;;;;;;;;;;;;;;;;;;;;;;;
;;;;;;;;;;;;;;;;;;;;;;;;;;
;;;;;;;;;;;;;;;;;;;;;;;;;;
;;;;;;;;;;;;;;;;;;;;;;;;;;
;;;;;;;;;;;;;;;;;;;;;;;;;;
;;;;;;;;;;;;;;;;;;;;;;;;;;
;;;;;;;;;;;;;;;;;;;;;;;;;;
;;;;;;;;;;;;;;;;;;;;;;;;;;
;;;;;;;;;;;;;;;;;;;;;;;;;;
;;;;;;;;;;;;;;;;;;;;;;;;;;
;;;;;;;;;;;;;;;;;;;;;;;;;;
;;;;;;;;;;;;;;;;;;;;;;;;;;
;;;;;;;;;;;;;;;;;;;;;;;;;;
;;;;;;;;;;;;;;;;;;;;;;;;;;
;;;;;;;;;;;;;;;;;;;;;;;;;;
;;;;;;;;;;;;;;;;;;;;;;;;;;
;;;;;;;;;;;;;;;;;;;;;;;;;;
;;;;;;;;;;;;;;;;;;;;;;;;;;
;;;;;;;;;;;;;;;;;;;;;;;;;;
;;;;;;;;;;;;;;;;;;;;;;;;;;
;;;;;;;;;;;;;;;;;;;;;;;;;;
;;;;;;;;;;;;;;;;;;;;;;;;;;
;;;;;;;;;;;;;;;;;;;;;;;;;;
;;;;;;;;;;;;;;;;;;;;;;;;;;
;;;;;;;;;;;;;;;;;;;;;;;;;;
;;;;;;;;;;;;;;;;;;;;;;;;;;
;;;;;;;;;;;;;;;;;;;;;;;;;;
;;;;;;;;;;;;;;;;;;;;;;;;;;
;;;;;;;;;;;;;;;;;;;;;;;;;;
;;;;;;;;;;;;;;;;;;;;;;;;;;
;;;;;;;;;;;;;;;;;;;;;;;;;;
;;;;;;;;;;;;;;;;;;;;;;;;;;
;;;;;;;;;;;;;;;;;;;;;;;;;;
;;;;;;;;;;;;;;;;;;;;;;;;;;
;;;;;;;;;;;;;;;;;;;;;;;;;;
;;;;;;;;;;;;;;;;;;;;;;;;;;
;;;;;;;;;;;;;;;;;;;;;;;;;;
;;;;;;;;;;;;;;;;;;;;;;;;;;
;;;;;;;;;;;;;;;;;;;;;;;;;;
;;;;;;;;;;;;;;;;;;;;;;;;;;
;;;;;;;;;;;;;;;;;;;;;;;;;;
;;;;;;;;;;;;;;;;;;;;;;;;;;
;;;;;;;;;;;;;;;;;;;;;;;;;;
;;;;;;;;;;;;;;;;;;;;;;;;;;
;;;;;;;;;;;;;;;;;;;;;;;;;;
;;;;;;;;;;;;;;;;;;;;;;;;;;
;;;;;;;;;;;;;;;;;;;;;;;;;;
;;;;;;;;;;;;;;;;;;;;;;;;;;
;;;;;;;;;;;;;;;;;;;;;;;;;;
;;;;;;;;;;;;;;;;;;;;;;;;;;
;;;;;;;;;;;;;;;;;;;;;;;;;;
;;;;;;;;;;;;;;;;;;;;;;;;;;
;;;;;;;;;;;;;;;;;;;;;;;;;;
;;;;;;;;;;;;;;;;;;;;;;;;;;
;;;;;;;;;;;;;;;;;;;;;;;;;;
;;;;;;;;;;;;;;;;;;;;;;;;;;
;;;;;;;;;;;;;;;;;;;;;;;;;;
;;;;;;;;;;;;;;;;;;;;;;;;;;
;;;;;;;;;;;;;;;;;;;;;;;;;;
;;;;;;;;;;;;;;;;;;;;;;;;;;
;;;;;;;;;;;;;;;;;;;;;;;;;;
;;;;;;;;;;;;;;;;;;;;;;;;;;
;;;;;;;;;;;;;;;;;;;;;;;;;;
;;;;;;;;;;;;;;;;;;;;;;;;;;
;;;;;;;;;;;;;;;;;;;;;;;;;;
;;;;;;;;;;;;;;;;;;;;;;;;;;
;;;;;;;;;;;;;;;;;;;;;;;;;;
;;;;;;;;;;;;;;;;;;;;;;;;;;
;;;;;;;;;;;;;;;;;;;;;;;;;;
;;;;;;;;;;;;;;;;;;;;;;;;;;
;;;;;;;;;;;;;;;;;;;;;;;;;;
;;;;;;;;;;;;;;;;;;;;;;;;;;
;;;;;;;;;;;;;;;;;;;;;;;;;;
;;;;;;;;;;;;;;;;;;;;;;;;;;
;;;;;;;;;;;;;;;;;;;;;;;;;;
;;;;;;;;;;;;;;;;;;;;;;;;;;
;;;;;;;;;;;;;;;;;;;;;;;;;;
;;;;;;;;;;;;;;;;;;;;;;;;;;
;;;;;;;;;;;;;;;;;;;;;;;;;;
;;;;;;;;;;;;;;;;;;;;;;;;;;
;;;;;;;;;;;;;;;;;;;;;;;;;;
;;;;;;;;;;;;;;;;;;;;;;;;;;
;;;;;;;;;;;;;;;;;;;;;;;;;;
;;;;;;;;;;;;;;;;;;;;;;;;;;
;;;;;;;;;;;;;;;;;;;;;;;;;;
;;;;;;;;;;;;;;;;;;;;;;;;;;
;;;;;;;;;;;;;;;;;;;;;;;;;;
;;;;;;;;;;;;;;;;;;;;;;;;;;
;;;;;;;;;;;;;;;;;;;;;;;;;;
;;;;;;;;;;;;;;;;;;;;;;;;;;
;;;;;;;;;;;;;;;;;;;;;;;;;;
;;;;;;;;;;;;;;;;;;;;;;;;;;
;;;;;;;;;;;;;;;;;;;;;;;;;;
;;;;;;;;;;;;;;;;;;;;;;;;;;
;;;;;;;;;;;;;;;;;;;;;;;;;;
;;;;;;;;;;;;;;;;;;;;;;;;;;
;;;;;;;;;;;;;;;;;;;;;;;;;;
;;;;;;;;;;;;;;;;;;;;;;;;;;
;;;;;;;;;;;;;;;;;;;;;;;;;;
;;;;;;;;;;;;;;;;;;;;;;;;;;
;;;;;;;;;;;;;;;;;;;;;;;;;;
;;;;;;;;;;;;;;;;;;;;;;;;;;
;;;;;;;;;;;;;;;;;;;;;;;;;;
;;;;;;;;;;;;;;;;;;;;;;;;;;
;;;;;;;;;;;;;;;;;;;;;;;;;;
;;;;;;;;;;;;;;;;;;;;;;;;;;
;;;;;;;;;;;;;;;;;;;;;;;;;;
;;;;;;;;;;;;;;;;;;;;;;;;;;
;;;;;;;;;;;;;;;;;;;;;;;;;;
;;;;;;;;;;;;;;;;;;;;;;;;;;
;;;;;;;;;;;;;;;;;;;;;;;;;;
;;;;;;;;;;;;;;;;;;;;;;;;;;
;;;;;;;;;;;;;;;;;;;;;;;;;;
;;;;;;;;;;;;;;;;;;;;;;;;;;
;;;;;;;;;;;;;;;;;;;;;;;;;;
;;;;;;;;;;;;;;;;;;;;;;;;;;
;;;;;;;;;;;;;;;;;;;;;;;;;;
;;;;;;;;;;;;;;;;;;;;;;;;;;
;;;;;;;;;;;;;;;;;;;;;;;;;;
;;;;;;;;;;;;;;;;;;;;;;;;;;
;;;;;;;;;;;;;;;;;;;;;;;;;;
;;;;;;;;;;;;;;;;;;;;;;;;;;
;;;;;;;;;;;;;;;;;;;;;;;;;;
;;;;;;;;;;;;;;;;;;;;;;;;;;
;;;;;;;;;;;;;;;;;;;;;;;;;;
;;;;;;;;;;;;;;;;;;;;;;;;;;
;;;;;;;;;;;;;;;;;;;;;;;;;;
;;;;;;;;;;;;;;;;;;;;;;;;;;
;;;;;;;;;;;;;;;;;;;;;;;;;;
;;;;;;;;;;;;;;;;;;;;;;;;;;
;;;;;;;;;;;;;;;;;;;;;;;;;;
;;;;;;;;;;;;;;;;;;;;;;;;;;
;;;;;;;;;;;;;;;;;;;;;;;;;;
;;;;;;;;;;;;;;;;;;;;;;;;;;
;;;;;;;;;;;;;;;;;;;;;;;;;;
;;;;;;;;;;;;;;;;;;;;;;;;;;
;;;;;;;;;;;;;;;;;;;;;;;;;;
;;;;;;;;;;;;;;;;;;;;;;;;;;
;;;;;;;;;;;;;;;;;;;;;;;;;;
;;;;;;;;;;;;;;;;;;;;;;;;;;
;;;;;;;;;;;;;;;;;;;;;;;;;;
;;;;;;;;;;;;;;;;;;;;;;;;;;
;;;;;;;;;;;;;;;;;;;;;;;;;;
;;;;;;;;;;;;;;;;;;;;;;;;;;
;;;;;;;;;;;;;;;;;;;;;;;;;;
;;;;;;;;;;;;;;;;;;;;;;;;;;
;;;;;;;;;;;;;;;;;;;;;;;;;;
;;;;;;;;;;;;;;;;;;;;;;;;;;
;;;;;;;;;;;;;;;;;;;;;;;;;;
;;;;;;;;;;;;;;;;;;;;;;;;;;
;;;;;;;;;;;;;;;;;;;;;;;;;;
;;;;;;;;;;;;;;;;;;;;;;;;;;
;;;;;;;;;;;;;;;;;;;;;;;;;;
;;;;;;;;;;;;;;;;;;;;;;;;;;
;;;;;;;;;;;;;;;;;;;;;;;;;;
;;;;;;;;;;;;;;;;;;;;;;;;;;
;;;;;;;;;;;;;;;;;;;;;;;;;;
;;;;;;;;;;;;;;;;;;;;;;;;;;
;;;;;;;;;;;;;;;;;;;;;;;;;;
;;;;;;;;;;;;;;;;;;;;;;;;;;
;;;;;;;;;;;;;;;;;;;;;;;;;;
;;;;;;;;;;;;;;;;;;;;;;;;;;
;;;;;;;;;;;;;;;;;;;;;;;;;;
;;;;;;;;;;;;;;;;;;;;;;;;;;
;;;;;;;;;;;;;;;;;;;;;;;;;;
;;;;;;;;;;;;;;;;;;;;;;;;;;
;;;;;;;;;;;;;;;;;;;;;;;;;;
;;;;;;;;;;;;;;;;;;;;;;;;;;
;;;;;;;;;;;;;;;;;;;;;;;;;;
;;;;;;;;;;;;;;;;;;;;;;;;;;
;;;;;;;;;;;;;;;;;;;;;;;;;;
;;;;;;;;;;;;;;;;;;;;;;;;;;
;;;;;;;;;;;;;;;;;;;;;;;;;;
;;;;;;;;;;;;;;;;;;;;;;;;;;
;;;;;;;;;;;;;;;;;;;;;;;;;;
;;;;;;;;;;;;;;;;;;;;;;;;;;
;;;;;;;;;;;;;;;;;;;;;;;;;;
;;;;;;;;;;;;;;;;;;;;;;;;;;
;;;;;;;;;;;;;;;;;;;;;;;;;;
;;;;;;;;;;;;;;;;;;;;;;;;;;
;;;;;;;;;;;;;;;;;;;;;;;;;;
;;;;;;;;;;;;;;;;;;;;;;;;;;
;;;;;;;;;;;;;;;;;;;;;;;;;;
;;;;;;;;;;;;;;;;;;;;;;;;;;
;;;;;;;;;;;;;;;;;;;;;;;;;;
;;;;;;;;;;;;;;;;;;;;;;;;;;
;;;;;;;;;;;;;;;;;;;;;;;;;;
;;;;;;;;;;;;;;;;;;;;;;;;;;
;;;;;;;;;;;;;;;;;;;;;;;;;;
;;;;;;;;;;;;;;;;;;;;;;;;;;
;;;;;;;;;;;;;;;;;;;;;;;;;;
;;;;;;;;;;;;;;;;;;;;;;;;;;
;;;;;;;;;;;;;;;;;;;;;;;;;;
;;;;;;;;;;;;;;;;;;;;;;;;;;
;;;;;;;;;;;;;;;;;;;;;;;;;;
;;;;;;;;;;;;;;;;;;;;;;;;;;
;;;;;;;;;;;;;;;;;;;;;;;;;;
;;;;;;;;;;;;;;;;;;;;;;;;;;
;;;;;;;;;;;;;;;;;;;;;;;;;;
;;;;;;;;;;;;;;;;;;;;;;;;;;
;;;;;;;;;;;;;;;;;;;;;;;;;;
;;;;;;;;;;;;;;;;;;;;;;;;;;
;;;;;;;;;;;;;;;;;;;;;;;;;;
;;;;;;;;;;;;;;;;;;;;;;;;;;
;;;;;;;;;;;;;;;;;;;;;;;;;;
;;;;;;;;;;;;;;;;;;;;;;;;;;
;;;;;;;;;;;;;;;;;;;;;;;;;;
;;;;;;;;;;;;;;;;;;;;;;;;;;
;;;;;;;;;;;;;;;;;;;;;;;;;;
;;;;;;;;;;;;;;;;;;;;;;;;;;
;;;;;;;;;;;;;;;;;;;;;;;;;;
;;;;;;;;;;;;;;;;;;;;;;;;;;
;;;;;;;;;;;;;;;;;;;;;;;;;;
;;;;;;;;;;;;;;;;;;;;;;;;;;
;;;;;;;;;;;;;;;;;;;;;;;;;;
;;;;;;;;;;;;;;;;;;;;;;;;;;
;;;;;;;;;;;;;;;;;;;;;;;;;;
;;;;;;;;;;;;;;;;;;;;;;;;;;
;;;;;;;;;;;;;;;;;;;;;;;;;;
;;;;;;;;;;;;;;;;;;;;;;;;;;
;;;;;;;;;;;;;;;;;;;;;;;;;;
;;;;;;;;;;;;;;;;;;;;;;;;;;
;;;;;;;;;;;;;;;;;;;;;;;;;;
;;;;;;;;;;;;;;;;;;;;;;;;;;
;;;;;;;;;;;;;;;;;;;;;;;;;;
;;;;;;;;;;;;;;;;;;;;;;;;;;
;;;;;;;;;;;;;;;;;;;;;;;;;;
;;;;;;;;;;;;;;;;;;;;;;;;;;
;;;;;;;;;;;;;;;;;;;;;;;;;;
;;;;;;;;;;;;;;;;;;;;;;;;;;
;;;;;;;;;;;;;;;;;;;;;;;;;;
;;;;;;;;;;;;;;;;;;;;;;;;;;
;;;;;;;;;;;;;;;;;;;;;;;;;;
;;;;;;;;;;;;;;;;;;;;;;;;;;
;;;;;;;;;;;;;;;;;;;;;;;;;;
;;;;;;;;;;;;;;;;;;;;;;;;;;
;;;;;;;;;;;;;;;;;;;;;;;;;;
;;;;;;;;;;;;;;;;;;;;;;;;;;
;;;;;;;;;;;;;;;;;;;;;;;;;;
;;;;;;;;;;;;;;;;;;;;;;;;;;
;;;;;;;;;;;;;;;;;;;;;;;;;;
;;;;;;;;;;;;;;;;;;;;;;;;;;
;;;;;;;;;;;;;;;;;;;;;;;;;;
;;;;;;;;;;;;;;;;;;;;;;;;;;
;;;;;;;;;;;;;;;;;;;;;;;;;;
;;;;;;;;;;;;;;;;;;;;;;;;;;
;;;;;;;;;;;;;;;;;;;;;;;;;;
;;;;;;;;;;;;;;;;;;;;;;;;;;
;;;;;;;;;;;;;;;;;;;;;;;;;;
;;;;;;;;;;;;;;;;;;;;;;;;;;
;;;;;;;;;;;;;;;;;;;;;;;;;;
;;;;;;;;;;;;;;;;;;;;;;;;;;
;;;;;;;;;;;;;;;;;;;;;;;;;;
;;;;;;;;;;;;;;;;;;;;;;;;;;
;;;;;;;;;;;;;;;;;;;;;;;;;;
;;;;;;;;;;;;;;;;;;;;;;;;;;
;;;;;;;;;;;;;;;;;;;;;;;;;;
;;;;;;;;;;;;;;;;;;;;;;;;;;
;;;;;;;;;;;;;;;;;;;;;;;;;;
;;;;;;;;;;;;;;;;;;;;;;;;;;
;;;;;;;;;;;;;;;;;;;;;;;;;;
;;;;;;;;;;;;;;;;;;;;;;;;;;
;;;;;;;;;;;;;;;;;;;;;;;;;;
;;;;;;;;;;;;;;;;;;;;;;;;;;
;;;;;;;;;;;;;;;;;;;;;;;;;;
;;;;;;;;;;;;;;;;;;;;;;;;;;
;;;;;;;;;;;;;;;;;;;;;;;;;;
;;;;;;;;;;;;;;;;;;;;;;;;;;
;;;;;;;;;;;;;;;;;;;;;;;;;;
;;;;;;;;;;;;;;;;;;;;;;;;;;
;;;;;;;;;;;;;;;;;;;;;;;;;;
;;;;;;;;;;;;;;;;;;;;;;;;;;
;;;;;;;;;;;;;;;;;;;;;;;;;;
;;;;;;;;;;;;;;;;;;;;;;;;;;
;;;;;;;;;;;;;;;;;;;;;;;;;;
;;;;;;;;;;;;;;;;;;;;;;;;;;
;;;;;;;;;;;;;;;;;;;;;;;;;;
;;;;;;;;;;;;;;;;;;;;;;;;;;
;;;;;;;;;;;;;;;;;;;;;;;;;;
;;;;;;;;;;;;;;;;;;;;;;;;;;
;;;;;;;;;;;;;;;;;;;;;;;;;;
;;;;;;;;;;;;;;;;;;;;;;;;;;
;;;;;;;;;;;;;;;;;;;;;;;;;;
;;;;;;;;;;;;;;;;;;;;;;;;;;
;;;;;;;;;;;;;;;;;;;;;;;;;;
;;;;;;;;;;;;;;;;;;;;;;;;;;
;;;;;;;;;;;;;;;;;;;;;;;;;;
;;;;;;;;;;;;;;;;;;;;;;;;;;
;;;;;;;;;;;;;;;;;;;;;;;;;;
;;;;;;;;;;;;;;;;;;;;;;;;;;
;;;;;;;;;;;;;;;;;;;;;;;;;;
;;;;;;;;;;;;;;;;;;;;;;;;;;
;;;;;;;;;;;;;;;;;;;;;;;;;;
;;;;;;;;;;;;;;;;;;;;;;;;;;
;;;;;;;;;;;;;;;;;;;;;;;;;;
;;;;;;;;;;;;;;;;;;;;;;;;;;
;;;;;;;;;;;;;;;;;;;;;;;;;;
;;;;;;;;;;;;;;;;;;;;;;;;;;
;;;;;;;;;;;;;;;;;;;;;;;;;;
;;;;;;;;;;;;;;;;;;;;;;;;;;
;;;;;;;;;;;;;;;;;;;;;;;;;;
;;;;;;;;;;;;;;;;;;;;;;;;;;
;;;;;;;;;;;;;;;;;;;;;;;;;;
;;;;;;;;;;;;;;;;;;;;;;;;;;
;;;;;;;;;;;;;;;;;;;;;;;;;;
;;;;;;;;;;;;;;;;;;;;;;;;;;
;;;;;;;;;;;;;;;;;;;;;;;;;;
;;;;;;;;;;;;;;;;;;;;;;;;;;
;;;;;;;;;;;;;;;;;;;;;;;;;;
;;;;;;;;;;;;;;;;;;;;;;;;;;
;;;;;;;;;;;;;;;;;;;;;;;;;;
;;;;;;;;;;;;;;;;;;;;;;;;;;
;;;;;;;;;;;;;;;;;;;;;;;;;;
;;;;;;;;;;;;;;;;;;;;;;;;;;
;;;;;;;;;;;;;;;;;;;;;;;;;;
;;;;;;;;;;;;;;;;;;;;;;;;;;
;;;;;;;;;;;;;;;;;;;;;;;;;;
;;;;;;;;;;;;;;;;;;;;;;;;;;
;;;;;;;;;;;;;;;;;;;;;;;;;;
;;;;;;;;;;;;;;;;;;;;;;;;;;
;;;;;;;;;;;;;;;;;;;;;;;;;;
;;;;;;;;;;;;;;;;;;;;;;;;;;
;;;;;;;;;;;;;;;;;;;;;;;;;;
;;;;;;;;;;;;;;;;;;;;;;;;;;
;;;;;;;;;;;;;;;;;;;;;;;;;;
;;;;;;;;;;;;;;;;;;;;;;;;;;
;;;;;;;;;;;;;;;;;;;;;;;;;;
;;;;;;;;;;;;;;;;;;;;;;;;;;
;;;;;;;;;;;;;;;;;;;;;;;;;;
;;;;;;;;;;;;;;;;;;;;;;;;;;
;;;;;;;;;;;;;;;;;;;;;;;;;;
;;;;;;;;;;;;;;;;;;;;;;;;;;
;;;;;;;;;;;;;;;;;;;;;;;;;;
;;;;;;;;;;;;;;;;;;;;;;;;;;
;;;;;;;;;;;;;;;;;;;;;;;;;;
;;;;;;;;;;;;;;;;;;;;;;;;;;
;;;;;;;;;;;;;;;;;;;;;;;;;;
;;;;;;;;;;;;;;;;;;;;;;;;;;
;;;;;;;;;;;;;;;;;;;;;;;;;;
;;;;;;;;;;;;;;;;;;;;;;;;;;
;;;;;;;;;;;;;;;;;;;;;;;;;;
;;;;;;;;;;;;;;;;;;;;;;;;;;
;;;;;;;;;;;;;;;;;;;;;;;;;;
;;;;;;;;;;;;;;;;;;;;;;;;;;
;;;;;;;;;;;;;;;;;;;;;;;;;;
;;;;;;;;;;;;;;;;;;;;;;;;;;
;;;;;;;;;;;;;;;;;;;;;;;;;;
;;;;;;;;;;;;;;;;;;;;;;;;;;
;;;;;;;;;;;;;;;;;;;;;;;;;;
;;;;;;;;;;;;;;;;;;;;;;;;;;
;;;;;;;;;;;;;;;;;;;;;;;;;;
;;;;;;;;;;;;;;;;;;;;;;;;;;
;;;;;;;;;;;;;;;;;;;;;;;;;;
;;;;;;;;;;;;;;;;;;;;;;;;;;
;;;;;;;;;;;;;;;;;;;;;;;;;;
;;;;;;;;;;;;;;;;;;;;;;;;;;
;;;;;;;;;;;;;;;;;;;;;;;;;;
;;;;;;;;;;;;;;;;;;;;;;;;;;
;;;;;;;;;;;;;;;;;;;;;;;;;;
;;;;;;;;;;;;;;;;;;;;;;;;;;
;;;;;;;;;;;;;;;;;;;;;;;;;;
;;;;;;;;;;;;;;;;;;;;;;;;;;
;;;;;;;;;;;;;;;;;;;;;;;;;;
;;;;;;;;;;;;;;;;;;;;;;;;;;
;;;;;;;;;;;;;;;;;;;;;;;;;;
;;;;;;;;;;;;;;;;;;;;;;;;;;
;;;;;;;;;;;;;;;;;;;;;;;;;;
;;;;;;;;;;;;;;;;;;;;;;;;;;
;;;;;;;;;;;;;;;;;;;;;;;;;;
;;;;;;;;;;;;;;;;;;;;;;;;;;
;;;;;;;;;;;;;;;;;;;;;;;;;;
;;;;;;;;;;;;;;;;;;;;;;;;;;
;;;;;;;;;;;;;;;;;;;;;;;;;;
;;;;;;;;;;;;;;;;;;;;;;;;;;
;;;;;;;;;;;;;;;;;;;;;;;;;;
;;;;;;;;;;;;;;;;;;;;;;;;;;
;;;;;;;;;;;;;;;;;;;;;;;;;;
;;;;;;;;;;;;;;;;;;;;;;;;;;
;;;;;;;;;;;;;;;;;;;;;;;;;;
;;;;;;;;;;;;;;;;;;;;;;;;;;
;;;;;;;;;;;;;;;;;;;;;;;;;;
;;;;;;;;;;;;;;;;;;;;;;;;;;
;;;;;;;;;;;;;;;;;;;;;;;;;;
;;;;;;;;;;;;;;;;;;;;;;;;;;
;;;;;;;;;;;;;;;;;;;;;;;;;;
;;;;;;;;;;;;;;;;;;;;;;;;;;
;;;;;;;;;;;;;;;;;;;;;;;;;;
;;;;;;;;;;;;;;;;;;;;;;;;;;
;;;;;;;;;;;;;;;;;;;;;;;;;;
;;;;;;;;;;;;;;;;;;;;;;;;;;
;;;;;;;;;;;;;;;;;;;;;;;;;;
;;;;;;;;;;;;;;;;;;;;;;;;;;
;;;;;;;;;;;;;;;;;;;;;;;;;;
;;;;;;;;;;;;;;;;;;;;;;;;;;
;;;;;;;;;;;;;;;;;;;;;;;;;;
;;;;;;;;;;;;;;;;;;;;;;;;;;
;;;;;;;;;;;;;;;;;;;;;;;;;;
;;;;;;;;;;;;;;;;;;;;;;;;;;
;;;;;;;;;;;;;;;;;;;;;;;;;;
;;;;;;;;;;;;;;;;;;;;;;;;;;
;;;;;;;;;;;;;;;;;;;;;;;;;;
;;;;;;;;;;;;;;;;;;;;;;;;;;
;;;;;;;;;;;;;;;;;;;;;;;;;;
;;;;;;;;;;;;;;;;;;;;;;;;;;
;;;;;;;;;;;;;;;;;;;;;;;;;;
;;;;;;;;;;;;;;;;;;;;;;;;;;
;;;;;;;;;;;;;;;;;;;;;;;;;;
;;;;;;;;;;;;;;;;;;;;;;;;;;
;;;;;;;;;;;;;;;;;;;;;;;;;;
;;;;;;;;;;;;;;;;;;;;;;;;;;
;;;;;;;;;;;;;;;;;;;;;;;;;;
;;;;;;;;;;;;;;;;;;;;;;;;;;
;;;;;;;;;;;;;;;;;;;;;;;;;;
;;;;;;;;;;;;;;;;;;;;;;;;;;
;;;;;;;;;;;;;;;;;;;;;;;;;;
;;;;;;;;;;;;;;;;;;;;;;;;;;
;;;;;;;;;;;;;;;;;;;;;;;;;;
;;;;;;;;;;;;;;;;;;;;;;;;;;
;;;;;;;;;;;;;;;;;;;;;;;;;;
;;;;;;;;;;;;;;;;;;;;;;;;;;
;;;;;;;;;;;;;;;;;;;;;;;;;;
;;;;;;;;;;;;;;;;;;;;;;;;;;
;;;;;;;;;;;;;;;;;;;;;;;;;;
;;;;;;;;;;;;;;;;;;;;;;;;;;
;;;;;;;;;;;;;;;;;;;;;;;;;;
;;;;;;;;;;;;;;;;;;;;;;;;;;
;;;;;;;;;;;;;;;;;;;;;;;;;;
;;;;;;;;;;;;;;;;;;;;;;;;;;
;;;;;;;;;;;;;;;;;;;;;;;;;;
;;;;;;;;;;;;;;;;;;;;;;;;;;
;;;;;;;;;;;;;;;;;;;;;;;;;;
;;;;;;;;;;;;;;;;;;;;;;;;;;
;;;;;;;;;;;;;;;;;;;;;;;;;;
;;;;;;;;;;;;;;;;;;;;;;;;;;
;;;;;;;;;;;;;;;;;;;;;;;;;;
;;;;;;;;;;;;;;;;;;;;;;;;;;
;;;;;;;;;;;;;;;;;;;;;;;;;;
;;;;;;;;;;;;;;;;;;;;;;;;;;
;;;;;;;;;;;;;;;;;;;;;;;;;;
;;;;;;;;;;;;;;;;;;;;;;;;;;
;;;;;;;;;;;;;;;;;;;;;;;;;;
;;;;;;;;;;;;;;;;;;;;;;;;;;
;;;;;;;;;;;;;;;;;;;;;;;;;;
;;;;;;;;;;;;;;;;;;;;;;;;;;
;;;;;;;;;;;;;;;;;;;;;;;;;;
;;;;;;;;;;;;;;;;;;;;;;;;;;
;;;;;;;;;;;;;;;;;;;;;;;;;;
;;;;;;;;;;;;;;;;;;;;;;;;;;
;;;;;;;;;;;;;;;;;;;;;;;;;;
;;;;;;;;;;;;;;;;;;;;;;;;;;
;;;;;;;;;;;;;;;;;;;;;;;;;;
;;;;;;;;;;;;;;;;;;;;;;;;;;
;;;;;;;;;;;;;;;;;;;;;;;;;;
;;;;;;;;;;;;;;;;;;;;;;;;;;
;;;;;;;;;;;;;;;;;;;;;;;;;;
;;;;;;;;;;;;;;;;;;;;;;;;;;
;;;;;;;;;;;;;;;;;;;;;;;;;;
;;;;;;;;;;;;;;;;;;;;;;;;;;
;;;;;;;;;;;;;;;;;;;;;;;;;;
;;;;;;;;;;;;;;;;;;;;;;;;;;
;;;;;;;;;;;;;;;;;;;;;;;;;;
;;;;;;;;;;;;;;;;;;;;;;;;;;
;;;;;;;;;;;;;;;;;;;;;;;;;;
;;;;;;;;;;;;;;;;;;;;;;;;;;
;;;;;;;;;;;;;;;;;;;;;;;;;;
;;;;;;;;;;;;;;;;;;;;;;;;;;
;;;;;;;;;;;;;;;;;;;;;;;;;;
;;;;;;;;;;;;;;;;;;;;;;;;;;
;;;;;;;;;;;;;;;;;;;;;;;;;;
;;;;;;;;;;;;;;;;;;;;;;;;;;
;;;;;;;;;;;;;;;;;;;;;;;;;;
;;;;;;;;;;;;;;;;;;;;;;;;;;
;;;;;;;;;;;;;;;;;;;;;;;;;;
;;;;;;;;;;;;;;;;;;;;;;;;;;
;;;;;;;;;;;;;;;;;;;;;;;;;;
;;;;;;;;;;;;;;;;;;;;;;;;;;
;;;;;;;;;;;;;;;;;;;;;;;;;;
;;;;;;;;;;;;;;;;;;;;;;;;;;
;;;;;;;;;;;;;;;;;;;;;;;;;;
;;;;;;;;;;;;;;;;;;;;;;;;;;
;;;;;;;;;;;;;;;;;;;;;;;;;;
;;;;;;;;;;;;;;;;;;;;;;;;;;
;;;;;;;;;;;;;;;;;;;;;;;;;;
;;;;;;;;;;;;;;;;;;;;;;;;;;
;;;;;;;;;;;;;;;;;;;;;;;;;;
;;;;;;;;;;;;;;;;;;;;;;;;;;
;;;;;;;;;;;;;;;;;;;;;;;;;;
;;;;;;;;;;;;;;;;;;;;;;;;;;
;;;;;;;;;;;;;;;;;;;;;;;;;;
;;;;;;;;;;;;;;;;;;;;;;;;;;
;;;;;;;;;;;;;;;;;;;;;;;;;;
;;;;;;;;;;;;;;;;;;;;;;;;;;
;;;;;;;;;;;;;;;;;;;;;;;;;;
;;;;;;;;;;;;;;;;;;;;;;;;;;
;;;;;;;;;;;;;;;;;;;;;;;;;;
;;;;;;;;;;;;;;;;;;;;;;;;;;
;;;;;;;;;;;;;;;;;;;;;;;;;;
;;;;;;;;;;;;;;;;;;;;;;;;;;
;;;;;;;;;;;;;;;;;;;;;;;;;;
;;;;;;;;;;;;;;;;;;;;;;;;;;
;;;;;;;;;;;;;;;;;;;;;;;;;;
;;;;;;;;;;;;;;;;;;;;;;;;;;
;;;;;;;;;;;;;;;;;;;;;;;;;;
;;;;;;;;;;;;;;;;;;;;;;;;;;
;;;;;;;;;;;;;;;;;;;;;;;;;;
;;;;;;;;;;;;;;;;;;;;;;;;;;
;;;;;;;;;;;;;;;;;;;;;;;;;;
;;;;;;;;;;;;;;;;;;;;;;;;;;
;;;;;;;;;;;;;;;;;;;;;;;;;;
;;;;;;;;;;;;;;;;;;;;;;;;;;
;;;;;;;;;;;;;;;;;;;;;;;;;;
;;;;;;;;;;;;;;;;;;;;;;;;;;
;;;;;;;;;;;;;;;;;;;;;;;;;;
;;;;;;;;;;;;;;;;;;;;;;;;;;
;;;;;;;;;;;;;;;;;;;;;;;;;;
;;;;;;;;;;;;;;;;;;;;;;;;;;
;;;;;;;;;;;;;;;;;;;;;;;;;;
;;;;;;;;;;;;;;;;;;;;;;;;;;
;;;;;;;;;;;;;;;;;;;;;;;;;;
;;;;;;;;;;;;;;;;;;;;;;;;;;
;;;;;;;;;;;;;;;;;;;;;;;;;;
;;;;;;;;;;;;;;;;;;;;;;;;;;
;;;;;;;;;;;;;;;;;;;;;;;;;;
;;;;;;;;;;;;;;;;;;;;;;;;;;
;;;;;;;;;;;;;;;;;;;;;;;;;;
;;;;;;;;;;;;;;;;;;;;;;;;;;
;;;;;;;;;;;;;;;;;;;;;;;;;;
;;;;;;;;;;;;;;;;;;;;;;;;;;
;;;;;;;;;;;;;;;;;;;;;;;;;;
;;;;;;;;;;;;;;;;;;;;;;;;;;
;;;;;;;;;;;;;;;;;;;;;;;;;;
;;;;;;;;;;;;;;;;;;;;;;;;;;
;;;;;;;;;;;;;;;;;;;;;;;;;;
;;;;;;;;;;;;;;;;;;;;;;;;;;
;;;;;;;;;;;;;;;;;;;;;;;;;;
;;;;;;;;;;;;;;;;;;;;;;;;;;
;;;;;;;;;;;;;;;;;;;;;;;;;;
;;;;;;;;;;;;;;;;;;;;;;;;;;
;;;;;;;;;;;;;;;;;;;;;;;;;;
;;;;;;;;;;;;;;;;;;;;;;;;;;
;;;;;;;;;;;;;;;;;;;;;;;;;;
;;;;;;;;;;;;;;;;;;;;;;;;;;
;;;;;;;;;;;;;;;;;;;;;;;;;;
;;;;;;;;;;;;;;;;;;;;;;;;;;
;;;;;;;;;;;;;;;;;;;;;;;;;;
;;;;;;;;;;;;;;;;;;;;;;;;;;
;;;;;;;;;;;;;;;;;;;;;;;;;;
;;;;;;;;;;;;;;;;;;;;;;;;;;
;;;;;;;;;;;;;;;;;;;;;;;;;;
;;;;;;;;;;;;;;;;;;;;;;;;;;
;;;;;;;;;;;;;;;;;;;;;;;;;;
;;;;;;;;;;;;;;;;;;;;;;;;;;
;;;;;;;;;;;;;;;;;;;;;;;;;;
;;;;;;;;;;;;;;;;;;;;;;;;;;
;;;;;;;;;;;;;;;;;;;;;;;;;;
;;;;;;;;;;;;;;;;;;;;;;;;;;
;;;;;;;;;;;;;;;;;;;;;;;;;;
;;;;;;;;;;;;;;;;;;;;;;;;;;
;;;;;;;;;;;;;;;;;;;;;;;;;;
;;;;;;;;;;;;;;;;;;;;;;;;;;
;;;;;;;;;;;;;;;;;;;;;;;;;;
;;;;;;;;;;;;;;;;;;;;;;;;;;
;;;;;;;;;;;;;;;;;;;;;;;;;;
;;;;;;;;;;;;;;;;;;;;;;;;;;
;;;;;;;;;;;;;;;;;;;;;;;;;;
;;;;;;;;;;;;;;;;;;;;;;;;;;
;;;;;;;;;;;;;;;;;;;;;;;;;;
;;;;;;;;;;;;;;;;;;;;;;;;;;
;;;;;;;;;;;;;;;;;;;;;;;;;;
;;;;;;;;;;;;;;;;;;;;;;;;;;
;;;;;;;;;;;;;;;;;;;;;;;;;;
;;;;;;;;;;;;;;;;;;;;;;;;;;
;;;;;;;;;;;;;;;;;;;;;;;;;;
;;;;;;;;;;;;;;;;;;;;;;;;;;
;;;;;;;;;;;;;;;;;;;;;;;;;;
;;;;;;;;;;;;;;;;;;;;;;;;;;
;;;;;;;;;;;;;;;;;;;;;;;;;;
;;;;;;;;;;;;;;;;;;;;;;;;;;
;;;;;;;;;;;;;;;;;;;;;;;;;;
;;;;;;;;;;;;;;;;;;;;;;;;;;
;;;;;;;;;;;;;;;;;;;;;;;;;;
;;;;;;;;;;;;;;;;;;;;;;;;;;
;;;;;;;;;;;;;;;;;;;;;;;;;;
;;;;;;;;;;;;;;;;;;;;;;;;;;
;;;;;;;;;;;;;;;;;;;;;;;;;;
;;;;;;;;;;;;;;;;;;;;;;;;;;
;;;;;;;;;;;;;;;;;;;;;;;;;;
;;;;;;;;;;;;;;;;;;;;;;;;;;
;;;;;;;;;;;;;;;;;;;;;;;;;;
;;;;;;;;;;;;;;;;;;;;;;;;;;
;;;;;;;;;;;;;;;;;;;;;;;;;;
;;;;;;;;;;;;;;;;;;;;;;;;;;
;;;;;;;;;;;;;;;;;;;;;;;;;;
;;;;;;;;;;;;;;;;;;;;;;;;;;
;;;;;;;;;;;;;;;;;;;;;;;;;;
;;;;;;;;;;;;;;;;;;;;;;;;;;
;;;;;;;;;;;;;;;;;;;;;;;;;;
;;;;;;;;;;;;;;;;;;;;;;;;;;
;;;;;;;;;;;;;;;;;;;;;;;;;;
;;;;;;;;;;;;;;;;;;;;;;;;;;
;;;;;;;;;;;;;;;;;;;;;;;;;;
;;;;;;;;;;;;;;;;;;;;;;;;;;
;;;;;;;;;;;;;;;;;;;;;;;;;;
;;;;;;;;;;;;;;;;;;;;;;;;;;
;;;;;;;;;;;;;;;;;;;;;;;;;;
;;;;;;;;;;;;;;;;;;;;;;;;;;
;;;;;;;;;;;;;;;;;;;;;;;;;;
;;;;;;;;;;;;;;;;;;;;;;;;;;
;;;;;;;;;;;;;;;;;;;;;;;;;;
;;;;;;;;;;;;;;;;;;;;;;;;;;
;;;;;;;;;;;;;;;;;;;;;;;;;;
;;;;;;;;;;;;;;;;;;;;;;;;;;
;;;;;;;;;;;;;;;;;;;;;;;;;;
;;;;;;;;;;;;;;;;;;;;;;;;;;
;;;;;;;;;;;;;;;;;;;;;;;;;;
;;;;;;;;;;;;;;;;;;;;;;;;;;
;;;;;;;;;;;;;;;;;;;;;;;;;;
;;;;;;;;;;;;;;;;;;;;;;;;;;
;;;;;;;;;;;;;;;;;;;;;;;;;;
;;;;;;;;;;;;;;;;;;;;;;;;;;
;;;;;;;;;;;;;;;;;;;;;;;;;;
;;;;;;;;;;;;;;;;;;;;;;;;;;
;;;;;;;;;;;;;;;;;;;;;;;;;;
;;;;;;;;;;;;;;;;;;;;;;;;;;
;;;;;;;;;;;;;;;;;;;;;;;;;;
;;;;;;;;;;;;;;;;;;;;;;;;;;
;;;;;;;;;;;;;;;;;;;;;;;;;;
;;;;;;;;;;;;;;;;;;;;;;;;;;
;;;;;;;;;;;;;;;;;;;;;;;;;;
;;;;;;;;;;;;;;;;;;;;;;;;;;
;;;;;;;;;;;;;;;;;;;;;;;;;;
;;;;;;;;;;;;;;;;;;;;;;;;;;
;;;;;;;;;;;;;;;;;;;;;;;;;;
;;;;;;;;;;;;;;;;;;;;;;;;;;
;;;;;;;;;;;;;;;;;;;;;;;;;;
;;;;;;;;;;;;;;;;;;;;;;;;;;
;;;;;;;;;;;;;;;;;;;;;;;;;;
;;;;;;;;;;;;;;;;;;;;;;;;;;
;;;;;;;;;;;;;;;;;;;;;;;;;;
;;;;;;;;;;;;;;;;;;;;;;;;;;
;;;;;;;;;;;;;;;;;;;;;;;;;;
;;;;;;;;;;;;;;;;;;;;;;;;;;
;;;;;;;;;;;;;;;;;;;;;;;;;;
;;;;;;;;;;;;;;;;;;;;;;;;;;
;;;;;;;;;;;;;;;;;;;;;;;;;;
;;;;;;;;;;;;;;;;;;;;;;;;;;
;;;;;;;;;;;;;;;;;;;;;;;;;;
;;;;;;;;;;;;;;;;;;;;;;;;;;
;;;;;;;;;;;;;;;;;;;;;;;;;;
;;;;;;;;;;;;;;;;;;;;;;;;;;
;;;;;;;;;;;;;;;;;;;;;;;;;;
;;;;;;;;;;;;;;;;;;;;;;;;;;
;;;;;;;;;;;;;;;;;;;;;;;;;;
;;;;;;;;;;;;;;;;;;;;;;;;;;
;;;;;;;;;;;;;;;;;;;;;;;;;;
;;;;;;;;;;;;;;;;;;;;;;;;;;
;;;;;;;;;;;;;;;;;;;;;;;;;;
;;;;;;;;;;;;;;;;;;;;;;;;;;
;;;;;;;;;;;;;;;;;;;;;;;;;;
;;;;;;;;;;;;;;;;;;;;;;;;;;
;;;;;;;;;;;;;;;;;;;;;;;;;;
;;;;;;;;;;;;;;;;;;;;;;;;;;
;;;;;;;;;;;;;;;;;;;;;;;;;;
;;;;;;;;;;;;;;;;;;;;;;;;;;
;;;;;;;;;;;;;;;;;;;;;;;;;;
;;;;;;;;;;;;;;;;;;;;;;;;;;
;;;;;;;;;;;;;;;;;;;;;;;;;;
;;;;;;;;;;;;;;;;;;;;;;;;;;
;;;;;;;;;;;;;;;;;;;;;;;;;;
;;;;;;;;;;;;;;;;;;;;;;;;;;
;;;;;;;;;;;;;;;;;;;;;;;;;;
;;;;;;;;;;;;;;;;;;;;;;;;;;
;;;;;;;;;;;;;;;;;;;;;;;;;;
;;;;;;;;;;;;;;;;;;;;;;;;;;
;;;;;;;;;;;;;;;;;;;;;;;;;;
;;;;;;;;;;;;;;;;;;;;;;;;;;
;;;;;;;;;;;;;;;;;;;;;;;;;;
;;;;;;;;;;;;;;;;;;;;;;;;;;
;;;;;;;;;;;;;;;;;;;;;;;;;;
;;;;;;;;;;;;;;;;;;;;;;;;;;
;;;;;;;;;;;;;;;;;;;;;;;;;;
;;;;;;;;;;;;;;;;;;;;;;;;;;
;;;;;;;;;;;;;;;;;;;;;;;;;;
;;;;;;;;;;;;;;;;;;;;;;;;;;
;;;;;;;;;;;;;;;;;;;;;;;;;;
;;;;;;;;;;;;;;;;;;;;;;;;;;
;;;;;;;;;;;;;;;;;;;;;;;;;;
;;;;;;;;;;;;;;;;;;;;;;;;;;
